dimension,funcion,algoritmo,variante,repeticion,mejor_final,tiempo_total,iter_mejor
10,Esfera,PSO,PSO_estandar,0,0.0045345575063144745,0.024261899998236913,99
10,Esfera,PSO,PSO_estandar,1,0.0003228277537137926,0.023837400003685616,99
10,Esfera,PSO,PSO_estandar,2,0.00021180662799063485,0.02360430000408087,99
10,Esfera,PSO,PSO_estandar,3,0.0005171192910535609,0.02381729999615345,98
10,Esfera,PSO,PSO_estandar,4,0.001006412909940419,0.02368239999486832,98
10,Esfera,PSO,PSO_estandar,5,0.001347244790052187,0.023886800001491793,99
10,Esfera,PSO,PSO_estandar,6,0.0027624041599060957,0.02374469999631401,97
10,Esfera,PSO,PSO_estandar,7,0.00033205213633850087,0.023888799994892906,98
10,Esfera,PSO,PSO_estandar,8,0.001126681460538447,0.023972800001502037,99
10,Esfera,PSO,PSO_estandar,9,0.0006452995490476945,0.023939099999552127,98
10,Esfera,PSO,PSO_estandar,10,0.0007693493601326091,0.023649599999771453,99
10,Esfera,PSO,PSO_estandar,11,0.004957804435038458,0.023808200006897096,99
10,Esfera,PSO,PSO_estandar,12,0.002405176150279298,0.023646399997232947,99
10,Esfera,PSO,PSO_estandar,13,0.0012336029494618833,0.023711699999694247,94
10,Esfera,PSO,PSO_estandar,14,0.0029977634112012663,0.023670599999604747,99
10,Esfera,PSO,PSO_estandar,15,0.0016916071601991629,0.02420640000491403,98
10,Esfera,PSO,PSO_estandar,16,0.0023241112233654874,0.02403220000269357,99
10,Esfera,PSO,PSO_estandar,17,0.0023783163909346493,0.024343699995370116,98
10,Esfera,PSO,PSO_estandar,18,0.0014586022157904001,0.02470000000175787,99
10,Esfera,PSO,PSO_estandar,19,0.000965352613766186,0.023724899998342153,96
10,Esfera,PSO,PSO_estandar,20,0.0006180693696085655,0.023906499998702202,99
10,Esfera,PSO,PSO_estandar,21,0.0012046695483482522,0.02380540000012843,95
10,Esfera,PSO,PSO_estandar,22,0.0017722874565082448,0.024165000002540182,99
10,Esfera,PSO,PSO_estandar,23,0.0051267288957955875,0.02947969999513589,99
10,Esfera,PSO,PSO_estandar,24,0.0013979663708369539,0.024133799997798633,98
10,Esfera,PSO,PSO_estandar,25,0.004189215526727637,0.0245744999992894,99
10,Esfera,PSO,PSO_estandar,26,0.0017329071018214967,0.024225100001785904,99
10,Esfera,PSO,PSO_estandar,27,0.005203241344354379,0.024426000003586523,99
10,Esfera,PSO,PSO_estandar,28,0.0007109196157562489,0.023862899994128384,99
10,Esfera,PSO,PSO_estandar,29,0.00043036889164640356,0.023958199999469798,99
10,Esfera,PSO,PSO_exploracion,0,2308.9936946998205,0.02496380000229692,65
10,Esfera,PSO,PSO_exploracion,1,1866.80518318217,0.024449200005619787,70
10,Esfera,PSO,PSO_exploracion,2,1221.9668310158108,0.023547099997813348,37
10,Esfera,PSO,PSO_exploracion,3,2632.3671262889734,0.023534899999503978,72
10,Esfera,PSO,PSO_exploracion,4,1346.3490487394063,0.023818800000299234,85
10,Esfera,PSO,PSO_exploracion,5,2233.88844535721,0.023566900003061164,36
10,Esfera,PSO,PSO_exploracion,6,2683.2722673582884,0.023455599999579135,47
10,Esfera,PSO,PSO_exploracion,7,2391.967527724102,0.023359200000413693,71
10,Esfera,PSO,PSO_exploracion,8,2000.3735768571141,0.02337460000126157,40
10,Esfera,PSO,PSO_exploracion,9,2514.6832393533186,0.02338179999787826,73
10,Esfera,PSO,PSO_exploracion,10,2734.21097895817,0.023334199999226257,60
10,Esfera,PSO,PSO_exploracion,11,2048.5599103293566,0.023390800000925083,92
10,Esfera,PSO,PSO_exploracion,12,2391.0985676190144,0.023402300001180265,80
10,Esfera,PSO,PSO_exploracion,13,2182.3088719357693,0.0249614999993355,47
10,Esfera,PSO,PSO_exploracion,14,2329.503859768826,0.02754050000658026,54
10,Esfera,PSO,PSO_exploracion,15,2342.4446062147126,0.024447399999189656,88
10,Esfera,PSO,PSO_exploracion,16,1589.6937757390676,0.02421670000330778,70
10,Esfera,PSO,PSO_exploracion,17,1854.0631996355353,0.026145399999222718,97
10,Esfera,PSO,PSO_exploracion,18,2839.928877269125,0.030430400001932867,91
10,Esfera,PSO,PSO_exploracion,19,3321.995454098952,0.027844900003401563,36
10,Esfera,PSO,PSO_exploracion,20,3188.680294342537,0.024411200000031386,48
10,Esfera,PSO,PSO_exploracion,21,1150.4328486865745,0.023981199999980163,38
10,Esfera,PSO,PSO_exploracion,22,2715.4520395042714,0.023303399997530505,31
10,Esfera,PSO,PSO_exploracion,23,1580.3572630922172,0.023235900000145193,82
10,Esfera,PSO,PSO_exploracion,24,3462.155072435756,0.023627700000361074,87
10,Esfera,PSO,PSO_exploracion,25,3021.2102397007097,0.024909899999329355,50
10,Esfera,PSO,PSO_exploracion,26,1413.7175174152442,0.02400589999888325,98
10,Esfera,PSO,PSO_exploracion,27,1154.7642667055954,0.023792699998011813,56
10,Esfera,PSO,PSO_exploracion,28,1993.4704318684383,0.02354919999925187,46
10,Esfera,PSO,PSO_exploracion,29,2336.0481714135294,0.023358499995083548,43
10,Esfera,PSO,PSO_explotacion,0,963.6777920569326,0.024181900000257883,99
10,Esfera,PSO,PSO_explotacion,1,179.27668848779422,0.024785500005236827,99
10,Esfera,PSO,PSO_explotacion,2,329.50916123011797,0.023793500004103407,99
10,Esfera,PSO,PSO_explotacion,3,1219.7487714353215,0.023925699999381322,99
10,Esfera,PSO,PSO_explotacion,4,90.42438706232092,0.023915400000987574,99
10,Esfera,PSO,PSO_explotacion,5,35.02296113483925,0.02408139999897685,99
10,Esfera,PSO,PSO_explotacion,6,364.7077791751971,0.02395280000200728,99
10,Esfera,PSO,PSO_explotacion,7,624.9465123277828,0.02405930000531953,99
10,Esfera,PSO,PSO_explotacion,8,431.467871803876,0.023927900001581293,99
10,Esfera,PSO,PSO_explotacion,9,120.39830116650292,0.024193600002035964,99
10,Esfera,PSO,PSO_explotacion,10,92.06718151052597,0.023970200003532227,99
10,Esfera,PSO,PSO_explotacion,11,78.89290592829693,0.028491099998063873,99
10,Esfera,PSO,PSO_explotacion,12,88.42845205914864,0.02410769999551121,99
10,Esfera,PSO,PSO_explotacion,13,148.9676755763377,0.024088800004392397,99
10,Esfera,PSO,PSO_explotacion,14,460.95424869934925,0.023920799998450093,99
10,Esfera,PSO,PSO_explotacion,15,541.0641780517578,0.02747090000048047,99
10,Esfera,PSO,PSO_explotacion,16,293.834704212014,0.028507099996204488,99
10,Esfera,PSO,PSO_explotacion,17,134.8757982185838,0.024326300001121126,99
10,Esfera,PSO,PSO_explotacion,18,230.6487146423346,0.023861899993789848,99
10,Esfera,PSO,PSO_explotacion,19,130.7743929658715,0.02403549999871757,99
10,Esfera,PSO,PSO_explotacion,20,211.01584747700386,0.02399340000556549,99
10,Esfera,PSO,PSO_explotacion,21,168.55932206778465,0.023743099998682737,99
10,Esfera,PSO,PSO_explotacion,22,292.6385457848412,0.02382729999953881,99
10,Esfera,PSO,PSO_explotacion,23,580.4368991904686,0.02396730000327807,99
10,Esfera,PSO,PSO_explotacion,24,298.3191091203842,0.024043999997957144,99
10,Esfera,PSO,PSO_explotacion,25,307.34381147825434,0.023825800002668984,99
10,Esfera,PSO,PSO_explotacion,26,702.4316025993421,0.023772000000462867,99
10,Esfera,PSO,PSO_explotacion,27,1147.0094882019403,0.024078000002191402,99
10,Esfera,PSO,PSO_explotacion,28,265.3898217678832,0.02377369999885559,99
10,Esfera,PSO,PSO_explotacion,29,81.9506030654124,0.024026700004469603,99
10,Esfera,AG,AG_base,0,0.9379474252678809,0.6174743000010494,93
10,Esfera,AG,AG_base,1,1.2471760128409166,0.6065552000000025,89
10,Esfera,AG,AG_base,2,0.6773421798837784,0.6032478999986779,65
10,Esfera,AG,AG_base,3,1.1367839935342539,0.6033304999946267,96
10,Esfera,AG,AG_base,4,1.0222715579597261,0.6073270999986562,99
10,Esfera,AG,AG_base,5,1.3617716870126932,0.6061070000068867,90
10,Esfera,AG,AG_base,6,1.6598047869408485,0.60490910000226,99
10,Esfera,AG,AG_base,7,1.4828049366856708,0.6083791999990353,87
10,Esfera,AG,AG_base,8,0.31345521849600133,0.6070918000041274,96
10,Esfera,AG,AG_base,9,1.2156642135823987,0.6072666000036406,94
10,Esfera,AG,AG_base,10,0.4150185177825434,0.6087610000031418,94
10,Esfera,AG,AG_base,11,0.8057178366726173,0.6112473999965005,98
10,Esfera,AG,AG_base,12,0.386019512345972,0.6068543000001227,97
10,Esfera,AG,AG_base,13,0.30270497554523573,0.6074819999994361,85
10,Esfera,AG,AG_base,14,0.8401909786465948,0.6059633999975631,78
10,Esfera,AG,AG_base,15,0.6055838645423361,0.607317800000601,93
10,Esfera,AG,AG_base,16,0.7563025565470283,0.6073695000013686,96
10,Esfera,AG,AG_base,17,0.42675797521681513,0.6071553999936441,97
10,Esfera,AG,AG_base,18,0.2589632119110824,0.6060848999986774,79
10,Esfera,AG,AG_base,19,1.2443972701667037,0.6043839999983902,86
10,Esfera,AG,AG_base,20,0.8378463890194285,0.6054438999999547,98
10,Esfera,AG,AG_base,21,0.2965817691357577,0.6040967000008095,98
10,Esfera,AG,AG_base,22,0.29255940427826876,0.6061844000068959,97
10,Esfera,AG,AG_base,23,0.5094982447979973,0.6083939999953145,98
10,Esfera,AG,AG_base,24,0.5453846360614241,0.6072548000011011,98
10,Esfera,AG,AG_base,25,1.6411176666131675,0.6083940000025905,94
10,Esfera,AG,AG_base,26,0.5627471614332725,0.6104675000024145,94
10,Esfera,AG,AG_base,27,0.45976717304500936,0.6131520999988425,94
10,Esfera,AG,AG_base,28,0.40066488895243024,0.6434991999994963,96
10,Esfera,AG,AG_base,29,0.6017321762886574,0.6189563000007183,99
10,Ackley,PSO,PSO_estandar,0,0.022751577649327448,0.08067339999979595,99
10,Ackley,PSO,PSO_estandar,1,0.014965456420523271,0.0789985000010347,98
10,Ackley,PSO,PSO_estandar,2,0.026033965824158845,0.07892880000144942,99
10,Ackley,PSO,PSO_estandar,3,0.03126074888760799,0.07945620000100462,99
10,Ackley,PSO,PSO_estandar,4,0.013156428323768399,0.07998740000039106,99
10,Ackley,PSO,PSO_estandar,5,0.013315634727022019,0.07832389999384759,99
10,Ackley,PSO,PSO_estandar,6,0.012085683483857412,0.08992859999852953,99
10,Ackley,PSO,PSO_estandar,7,0.019471896251520793,0.08445039999787696,99
10,Ackley,PSO,PSO_estandar,8,0.007870676003346677,0.08007129999896279,97
10,Ackley,PSO,PSO_estandar,9,0.01132466946410604,0.08092039999610279,99
10,Ackley,PSO,PSO_estandar,10,0.007008597296739527,0.08211049999954412,96
10,Ackley,PSO,PSO_estandar,11,0.016324803552596467,0.07900630000222009,97
10,Ackley,PSO,PSO_estandar,12,0.0071129915639081,0.07821249999688007,98
10,Ackley,PSO,PSO_estandar,13,0.0092586703027,0.07881420000194339,94
10,Ackley,PSO,PSO_estandar,14,0.017993279974696907,0.08214530000259401,99
10,Ackley,PSO,PSO_estandar,15,0.030240271733433577,0.08272969999961788,98
10,Ackley,PSO,PSO_estandar,16,0.013007173933147431,0.08021519999601878,99
10,Ackley,PSO,PSO_estandar,17,0.05358671495301737,0.07913669999834383,98
10,Ackley,PSO,PSO_estandar,18,0.009698762072531952,0.07914959999470739,99
10,Ackley,PSO,PSO_estandar,19,0.00634068080371053,0.07917069999530213,99
10,Ackley,PSO,PSO_estandar,20,0.014045330395689337,0.07900919999519829,99
10,Ackley,PSO,PSO_estandar,21,0.018422217223968307,0.07907780000095954,99
10,Ackley,PSO,PSO_estandar,22,0.013676866260216247,0.07892900000297232,99
10,Ackley,PSO,PSO_estandar,23,0.010662325763668878,0.07904209999833256,99
10,Ackley,PSO,PSO_estandar,24,0.021182522564331396,0.0792998999968404,98
10,Ackley,PSO,PSO_estandar,25,0.017737875016881066,0.0790774999986752,99
10,Ackley,PSO,PSO_estandar,26,0.012397552703568682,0.07968410000466974,97
10,Ackley,PSO,PSO_estandar,27,0.014366496693068331,0.07840109999960987,99
10,Ackley,PSO,PSO_estandar,28,0.013859425453891294,0.07905380000011064,95
10,Ackley,PSO,PSO_estandar,29,0.022834370959334382,0.07872019999922486,95
10,Ackley,PSO,PSO_exploracion,0,15.204301237973443,0.07927740000013728,93
10,Ackley,PSO,PSO_exploracion,1,15.038419391167473,0.07845989999623271,64
10,Ackley,PSO,PSO_exploracion,2,13.538413455500697,0.07810609999432927,85
10,Ackley,PSO,PSO_exploracion,3,12.86162695449552,0.07839409999724012,52
10,Ackley,PSO,PSO_exploracion,4,15.627034472084464,0.07827710000128718,65
10,Ackley,PSO,PSO_exploracion,5,12.444115087308704,0.07858950000081677,46
10,Ackley,PSO,PSO_exploracion,6,13.223291426240852,0.07849410000198986,86
10,Ackley,PSO,PSO_exploracion,7,14.991562095157022,0.07867609999811975,86
10,Ackley,PSO,PSO_exploracion,8,15.18428298056713,0.08099090000177966,58
10,Ackley,PSO,PSO_exploracion,9,19.95394385881219,0.08037209999747574,41
10,Ackley,PSO,PSO_exploracion,10,14.914744855072495,0.081409899998107,59
10,Ackley,PSO,PSO_exploracion,11,14.403238336889073,0.08116120000340743,91
10,Ackley,PSO,PSO_exploracion,12,11.059828298633823,0.0810222000000067,63
10,Ackley,PSO,PSO_exploracion,13,16.42702599358606,0.07902730000205338,50
10,Ackley,PSO,PSO_exploracion,14,16.129144597298655,0.07836959999985993,63
10,Ackley,PSO,PSO_exploracion,15,13.29317822021159,0.07840369999757968,73
10,Ackley,PSO,PSO_exploracion,16,15.722633195812886,0.07829060000221943,19
10,Ackley,PSO,PSO_exploracion,17,11.044602470204783,0.07846409999910975,53
10,Ackley,PSO,PSO_exploracion,18,16.122304700607337,0.07854650000081165,88
10,Ackley,PSO,PSO_exploracion,19,14.159592435622173,0.07872199999837903,30
10,Ackley,PSO,PSO_exploracion,20,15.546884086392295,0.07848189999640454,70
10,Ackley,PSO,PSO_exploracion,21,16.106091040389202,0.07864839999820106,83
10,Ackley,PSO,PSO_exploracion,22,13.68580400789746,0.08106769999722019,85
10,Ackley,PSO,PSO_exploracion,23,14.414628107371996,0.08769259999826318,66
10,Ackley,PSO,PSO_exploracion,24,14.433290265127068,0.07920470000681235,61
10,Ackley,PSO,PSO_exploracion,25,13.12952490965385,0.07937289999972563,96
10,Ackley,PSO,PSO_exploracion,26,14.761611286136356,0.07887940000364324,25
10,Ackley,PSO,PSO_exploracion,27,15.055123269868783,0.07884950000152458,82
10,Ackley,PSO,PSO_exploracion,28,14.626453936527286,0.07863589999760734,16
10,Ackley,PSO,PSO_exploracion,29,14.700265779791074,0.07881279999855906,61
10,Ackley,PSO,PSO_explotacion,0,3.068370462134862,0.07899059999908786,99
10,Ackley,PSO,PSO_explotacion,1,6.391945013432174,0.0788985999970464,99
10,Ackley,PSO,PSO_explotacion,2,5.016991615504271,0.07875419999618316,99
10,Ackley,PSO,PSO_explotacion,3,5.907938386974585,0.0784025999964797,99
10,Ackley,PSO,PSO_explotacion,4,6.481366430599692,0.07930849999684142,99
10,Ackley,PSO,PSO_explotacion,5,3.2857012466928492,0.07879849999881117,99
10,Ackley,PSO,PSO_explotacion,6,3.339071237479154,0.07852689999708673,99
10,Ackley,PSO,PSO_explotacion,7,5.027503715258174,0.07849220000207424,98
10,Ackley,PSO,PSO_explotacion,8,9.883150108563559,0.07845649999944726,97
10,Ackley,PSO,PSO_explotacion,9,7.049565439799448,0.07941630000277655,99
10,Ackley,PSO,PSO_explotacion,10,2.7152262202279975,0.08335990000341553,99
10,Ackley,PSO,PSO_explotacion,11,5.338634038805974,0.0836353999984567,99
10,Ackley,PSO,PSO_explotacion,12,3.6335823080819236,0.07905540000501787,99
10,Ackley,PSO,PSO_explotacion,13,4.301248880541472,0.07911019999301061,99
10,Ackley,PSO,PSO_explotacion,14,4.908255406021901,0.07914680000249064,99
10,Ackley,PSO,PSO_explotacion,15,7.163088679090034,0.07854569999472005,98
10,Ackley,PSO,PSO_explotacion,16,5.230195495086857,0.07863419999921462,98
10,Ackley,PSO,PSO_explotacion,17,5.54730876155725,0.0791289000044344,98
10,Ackley,PSO,PSO_explotacion,18,7.880510269197821,0.07922710000275401,99
10,Ackley,PSO,PSO_explotacion,19,6.020904869286625,0.07843539999885252,99
10,Ackley,PSO,PSO_explotacion,20,7.242557174112882,0.07932200000504963,99
10,Ackley,PSO,PSO_explotacion,21,5.911030444309304,0.07847100000071805,99
10,Ackley,PSO,PSO_explotacion,22,6.292435791580466,0.07844940000359202,99
10,Ackley,PSO,PSO_explotacion,23,2.2814078588582203,0.07877170000574552,99
10,Ackley,PSO,PSO_explotacion,24,4.380018994948298,0.07858269999996992,99
10,Ackley,PSO,PSO_explotacion,25,6.088911528386912,0.07913180000468856,99
10,Ackley,PSO,PSO_explotacion,26,5.965954978213045,0.07855749999725958,99
10,Ackley,PSO,PSO_explotacion,27,8.967881141190603,0.07878989999881014,99
10,Ackley,PSO,PSO_explotacion,28,4.840531222860832,0.07846560000325553,99
10,Ackley,PSO,PSO_explotacion,29,7.484392915176233,0.07884349999949336,99
10,Ackley,AG,AG_base,0,0.7112278067788478,0.6896963000035612,76
10,Ackley,AG,AG_base,1,0.502269912526224,0.6887629999982892,76
10,Ackley,AG,AG_base,2,0.9587706535715594,0.6890189999976428,98
10,Ackley,AG,AG_base,3,0.605920143436983,0.6884271000017179,97
10,Ackley,AG,AG_base,4,1.3231270643227409,0.6900007000003825,94
10,Ackley,AG,AG_base,5,0.574697545818506,0.6886456000065664,99
10,Ackley,AG,AG_base,6,1.0170027289855779,0.6871930999986944,95
10,Ackley,AG,AG_base,7,0.8813175917308063,0.701595599995926,87
10,Ackley,AG,AG_base,8,0.5256192337099432,0.69148370000039,91
10,Ackley,AG,AG_base,9,0.33305046585807974,0.6887323999981163,77
10,Ackley,AG,AG_base,10,0.5401253652249705,0.6894279999978608,94
10,Ackley,AG,AG_base,11,0.6892428205590133,0.6954598000011174,98
10,Ackley,AG,AG_base,12,0.3463634334312222,0.6909232000034535,97
10,Ackley,AG,AG_base,13,0.41755891112986676,0.6919382999985828,86
10,Ackley,AG,AG_base,14,0.24280779462039037,0.6913520000016433,77
10,Ackley,AG,AG_base,15,0.5701796333617648,0.7004455999995116,94
10,Ackley,AG,AG_base,16,0.5880338528738318,0.7598212000011699,98
10,Ackley,AG,AG_base,17,0.855655098063878,0.6964766000019154,99
10,Ackley,AG,AG_base,18,0.3795087416586793,0.6902487999977893,95
10,Ackley,AG,AG_base,19,1.3878559489670264,0.6876928999990923,94
10,Ackley,AG,AG_base,20,0.5211361297423704,0.6916005000020959,98
10,Ackley,AG,AG_base,21,0.6564267524717633,0.6972141000005649,99
10,Ackley,AG,AG_base,22,0.5232768233194922,0.6862239000038244,97
10,Ackley,AG,AG_base,23,0.7928191217908283,0.6883034999991651,97
10,Ackley,AG,AG_base,24,0.7173056583272381,0.6908371000026818,82
10,Ackley,AG,AG_base,25,0.8774531230880389,0.6915704000057303,77
10,Ackley,AG,AG_base,26,1.1230063039880744,0.6899450999990222,97
10,Ackley,AG,AG_base,27,0.4127613583950631,0.6924220000000787,99
10,Ackley,AG,AG_base,28,0.22327206423818113,0.6903690999970422,92
10,Ackley,AG,AG_base,29,0.3005732712478957,0.6913064999971539,98
10,Griewank,PSO,PSO_estandar,0,0.5799188061659233,0.05939859999489272,87
10,Griewank,PSO,PSO_estandar,1,0.14839864067667963,0.05832780000491766,98
10,Griewank,PSO,PSO_estandar,2,0.10372690796143835,0.05816849999973783,99
10,Griewank,PSO,PSO_estandar,3,0.12984496142001944,0.058540799996990245,97
10,Griewank,PSO,PSO_estandar,4,0.19477985090375682,0.0587152000007336,99
10,Griewank,PSO,PSO_estandar,5,0.5340312453191829,0.05936389999988023,98
10,Griewank,PSO,PSO_estandar,6,0.37936311396706723,0.060149599994474556,98
10,Griewank,PSO,PSO_estandar,7,0.31534049961086363,0.06158020000293618,98
10,Griewank,PSO,PSO_estandar,8,0.27918869532171753,0.05842600000323728,87
10,Griewank,PSO,PSO_estandar,9,0.1351801417855769,0.058238699995854404,95
10,Griewank,PSO,PSO_estandar,10,0.17661582768254547,0.05829989999620011,99
10,Griewank,PSO,PSO_estandar,11,0.2838711510713583,0.058673500003351364,93
10,Griewank,PSO,PSO_estandar,12,0.2601566139652616,0.05861259999801405,93
10,Griewank,PSO,PSO_estandar,13,0.2375159153879991,0.0586944999959087,97
10,Griewank,PSO,PSO_estandar,14,0.22187885723076473,0.058780200000910554,99
10,Griewank,PSO,PSO_estandar,15,0.10445204312419865,0.05789370000275085,97
10,Griewank,PSO,PSO_estandar,16,0.15148870289162542,0.05826369999704184,96
10,Griewank,PSO,PSO_estandar,17,0.2508786708467785,0.05789640000148211,94
10,Griewank,PSO,PSO_estandar,18,0.4032250754784019,0.057787700003245845,95
10,Griewank,PSO,PSO_estandar,19,0.1155199845040411,0.06219660000351723,97
10,Griewank,PSO,PSO_estandar,20,0.12758985236652887,0.06116930000280263,98
10,Griewank,PSO,PSO_estandar,21,0.27671513507858303,0.059469300002092496,99
10,Griewank,PSO,PSO_estandar,22,0.23107181346422156,0.058461199994781055,99
10,Griewank,PSO,PSO_estandar,23,0.1427191616245258,0.05807759999879636,97
10,Griewank,PSO,PSO_estandar,24,0.0895850229891656,0.05831649999890942,98
10,Griewank,PSO,PSO_estandar,25,0.2620530713227147,0.058801999999559484,98
10,Griewank,PSO,PSO_estandar,26,0.12531422859034858,0.058226499997545034,97
10,Griewank,PSO,PSO_estandar,27,0.30838106614115746,0.05827220000355737,95
10,Griewank,PSO,PSO_estandar,28,0.46162186801815874,0.058625400000892114,95
10,Griewank,PSO,PSO_estandar,29,0.09344710900514963,0.058361499999591615,98
10,Griewank,PSO,PSO_exploracion,0,28.576126655247617,0.05889520000346238,44
10,Griewank,PSO,PSO_exploracion,1,19.932791407753587,0.05825580000237096,57
10,Griewank,PSO,PSO_exploracion,2,15.313236461183957,0.05788879999454366,37
10,Griewank,PSO,PSO_exploracion,3,24.86328746547412,0.05809620000218274,90
10,Griewank,PSO,PSO_exploracion,4,14.590113518632002,0.058015999995404854,52
10,Griewank,PSO,PSO_exploracion,5,5.8510033401453425,0.05886569999711355,70
10,Griewank,PSO,PSO_exploracion,6,84.84185021106732,0.05837539999629371,99
10,Griewank,PSO,PSO_exploracion,7,28.349515446068636,0.05811309999990044,59
10,Griewank,PSO,PSO_exploracion,8,19.29205758503176,0.05854720000206726,73
10,Griewank,PSO,PSO_exploracion,9,28.095342271432923,0.05761759999586502,55
10,Griewank,PSO,PSO_exploracion,10,21.15597137305413,0.057638599995698314,91
10,Griewank,PSO,PSO_exploracion,11,22.43435395993236,0.05800189999717986,63
10,Griewank,PSO,PSO_exploracion,12,32.55994093842466,0.057983700004115235,42
10,Griewank,PSO,PSO_exploracion,13,10.891106355685153,0.05769919999875128,32
10,Griewank,PSO,PSO_exploracion,14,30.03433194114738,0.057705999999598134,63
10,Griewank,PSO,PSO_exploracion,15,35.843554337381754,0.05854160000308184,42
10,Griewank,PSO,PSO_exploracion,16,28.097228070462343,0.05779840000468539,90
10,Griewank,PSO,PSO_exploracion,17,32.16201561578788,0.05765840000094613,91
10,Griewank,PSO,PSO_exploracion,18,36.853597142354914,0.057737399998586625,65
10,Griewank,PSO,PSO_exploracion,19,34.13743294996712,0.05772799999976996,21
10,Griewank,PSO,PSO_exploracion,20,27.0186794130866,0.05783379999775207,73
10,Griewank,PSO,PSO_exploracion,21,16.968574430722263,0.05824450000363868,18
10,Griewank,PSO,PSO_exploracion,22,17.11582791235182,0.05782980000367388,25
10,Griewank,PSO,PSO_exploracion,23,20.27247469904493,0.057971700000052806,39
10,Griewank,PSO,PSO_exploracion,24,21.649734805783776,0.057761500000196975,66
10,Griewank,PSO,PSO_exploracion,25,27.284510369720234,0.057816600005025975,68
10,Griewank,PSO,PSO_exploracion,26,36.676171780044996,0.0579682999959914,48
10,Griewank,PSO,PSO_exploracion,27,17.2635897290422,0.058184300003631506,34
10,Griewank,PSO,PSO_exploracion,28,27.610955680565777,0.057943099993281066,19
10,Griewank,PSO,PSO_exploracion,29,23.12697799150555,0.05838919999951031,97
10,Griewank,PSO,PSO_explotacion,0,9.082241691318233,0.05797110000276007,99
10,Griewank,PSO,PSO_explotacion,1,3.258033585074473,0.057838300002913456,99
10,Griewank,PSO,PSO_explotacion,2,3.701545323771622,0.058332699998572934,99
10,Griewank,PSO,PSO_explotacion,3,11.644369911083459,0.05802770000445889,99
10,Griewank,PSO,PSO_explotacion,4,1.297705039755923,0.05796860000555171,99
10,Griewank,PSO,PSO_explotacion,5,0.5192294261544665,0.058005699997011106,99
10,Griewank,PSO,PSO_explotacion,6,3.6366081244097495,0.05784049999783747,99
10,Griewank,PSO,PSO_explotacion,7,6.184549559619385,0.05813859999761917,99
10,Griewank,PSO,PSO_explotacion,8,4.99398623793005,0.058085899996513035,99
10,Griewank,PSO,PSO_explotacion,9,1.149313967776148,0.05809380000573583,99
10,Griewank,PSO,PSO_explotacion,10,1.4155663633434332,0.05784990000393009,99
10,Griewank,PSO,PSO_explotacion,11,1.1116851552794993,0.05790819999674568,97
10,Griewank,PSO,PSO_explotacion,12,1.1568048686023191,0.05813510000007227,99
10,Griewank,PSO,PSO_explotacion,13,1.555547267434612,0.05905679999705171,99
10,Griewank,PSO,PSO_explotacion,14,5.063016270614104,0.05875010000454495,99
10,Griewank,PSO,PSO_explotacion,15,1.8588678612818677,0.05816509999567643,99
10,Griewank,PSO,PSO_explotacion,16,2.9844364726803914,0.058098199995583855,99
10,Griewank,PSO,PSO_explotacion,17,2.079439124562649,0.05820110000058776,99
10,Griewank,PSO,PSO_explotacion,18,2.536261550081462,0.05813739999575773,99
10,Griewank,PSO,PSO_explotacion,19,0.9955430225122774,0.058463000001211185,99
10,Griewank,PSO,PSO_explotacion,20,2.3802058546587874,0.058356699999421835,99
10,Griewank,PSO,PSO_explotacion,21,2.614738544561651,0.05835989999468438,99
10,Griewank,PSO,PSO_explotacion,22,2.5853389753202016,0.05821490000380436,99
10,Griewank,PSO,PSO_explotacion,23,6.333828776263893,0.058285800005251076,99
10,Griewank,PSO,PSO_explotacion,24,3.7657072636595883,0.058182699998724274,99
10,Griewank,PSO,PSO_explotacion,25,3.657403756346808,0.058506300003500655,99
10,Griewank,PSO,PSO_explotacion,26,7.121909566754603,0.058417300002474803,99
10,Griewank,PSO,PSO_explotacion,27,11.383661594509817,0.05829310000262922,99
10,Griewank,PSO,PSO_explotacion,28,2.642303673987767,0.05826800000068033,99
10,Griewank,PSO,PSO_explotacion,29,0.9241146231229106,0.05829229999653762,99
10,Griewank,AG,AG_base,0,0.5339696797782068,0.6578838000059477,85
10,Griewank,AG,AG_base,1,0.7865080309471664,0.6605819999967935,52
10,Griewank,AG,AG_base,2,0.8542938504073183,0.6571900999988429,80
10,Griewank,AG,AG_base,3,0.8390244859841567,0.6548462999999174,97
10,Griewank,AG,AG_base,4,0.7420307182810827,0.6550998000020627,81
10,Griewank,AG,AG_base,5,0.8460148097412932,0.6580250999977579,95
10,Griewank,AG,AG_base,6,0.3384884705874148,0.6565832999986014,83
10,Griewank,AG,AG_base,7,0.9919014487177101,0.6571785999985877,87
10,Griewank,AG,AG_base,8,0.6203194028313374,0.6583159000001615,91
10,Griewank,AG,AG_base,9,0.8221428081230489,0.6600533000018913,68
10,Griewank,AG,AG_base,10,0.9240051531487802,0.658139500003017,69
10,Griewank,AG,AG_base,11,0.8417769861950786,0.6573172999997041,85
10,Griewank,AG,AG_base,12,0.6061717379765535,0.6635496000017156,95
10,Griewank,AG,AG_base,13,0.9085352020174146,0.6623079000055441,85
10,Griewank,AG,AG_base,14,0.5816107244849209,0.6578012999962084,88
10,Griewank,AG,AG_base,15,0.8839851608863838,0.6586648000011337,96
10,Griewank,AG,AG_base,16,0.5042522401743981,0.658231599998544,83
10,Griewank,AG,AG_base,17,0.7352908227212281,0.656784200000402,88
10,Griewank,AG,AG_base,18,0.8897645036297299,0.6583551000003354,54
10,Griewank,AG,AG_base,19,0.490204671284584,0.6584822999939206,93
10,Griewank,AG,AG_base,20,0.6943774866194818,0.658179599995492,97
10,Griewank,AG,AG_base,21,0.7791206621136123,0.6614958999998635,99
10,Griewank,AG,AG_base,22,0.5121520740116614,0.6541959999958635,94
10,Griewank,AG,AG_base,23,0.565090804819896,0.6578146000028937,89
10,Griewank,AG,AG_base,24,0.5094652123181138,0.6561872999955085,83
10,Griewank,AG,AG_base,25,0.7580653238552898,0.6592138999985764,94
10,Griewank,AG,AG_base,26,0.9406529908308338,0.6569180000005872,91
10,Griewank,AG,AG_base,27,0.7804194757786673,0.6555040000021108,94
10,Griewank,AG,AG_base,28,0.5904470562346333,0.6580929000047036,92
10,Griewank,AG,AG_base,29,0.5956101584293405,0.6589136000038707,96
10,Rastrigin,PSO,PSO_estandar,0,19.26629045378769,0.04530520000116667,99
10,Rastrigin,PSO,PSO_estandar,1,16.669021109080745,0.04474050000135321,99
10,Rastrigin,PSO,PSO_estandar,2,11.55759072299766,0.044940600004338194,99
10,Rastrigin,PSO,PSO_estandar,3,5.975181899611599,0.04501709999749437,99
10,Rastrigin,PSO,PSO_estandar,4,11.734769137791275,0.04509230000257958,98
10,Rastrigin,PSO,PSO_estandar,5,7.386987956289772,0.045107799996912945,99
10,Rastrigin,PSO,PSO_estandar,6,5.987619024153872,0.045034700000542216,97
10,Rastrigin,PSO,PSO_estandar,7,10.670783579126578,0.04529039999761153,98
10,Rastrigin,PSO,PSO_estandar,8,15.94308747810311,0.04522210000141058,99
10,Rastrigin,PSO,PSO_estandar,9,11.897840018772868,0.044964400003664196,97
10,Rastrigin,PSO,PSO_estandar,10,16.263878752482867,0.04496300000027986,99
10,Rastrigin,PSO,PSO_estandar,11,15.959384523641035,0.04504630000155885,99
10,Rastrigin,PSO,PSO_estandar,12,28.961060734929262,0.04497099999571219,99
10,Rastrigin,PSO,PSO_estandar,13,8.853437619898955,0.04504939999605995,98
10,Rastrigin,PSO,PSO_estandar,14,7.233524681315544,0.04525359999388456,97
10,Rastrigin,PSO,PSO_estandar,15,11.814650802051062,0.04530659999727504,97
10,Rastrigin,PSO,PSO_estandar,16,9.982073586940473,0.04577180000342196,97
10,Rastrigin,PSO,PSO_estandar,17,5.448244544056806,0.04657420000148704,97
10,Rastrigin,PSO,PSO_estandar,18,5.970896820972669,0.04623169999831589,99
10,Rastrigin,PSO,PSO_estandar,19,21.924249944426137,0.04628260000026785,99
10,Rastrigin,PSO,PSO_estandar,20,10.095795944298331,0.04533620000438532,99
10,Rastrigin,PSO,PSO_estandar,21,8.204471478594684,0.045342400000663474,93
10,Rastrigin,PSO,PSO_estandar,22,19.19339906540992,0.04521290000411682,95
10,Rastrigin,PSO,PSO_estandar,23,7.411517945411219,0.04533389999414794,95
10,Rastrigin,PSO,PSO_estandar,24,10.223352644782253,0.04648989999986952,99
10,Rastrigin,PSO,PSO_estandar,25,11.953869204925525,0.04626119999738876,99
10,Rastrigin,PSO,PSO_estandar,26,12.942748003609822,0.04776989999663783,99
10,Rastrigin,PSO,PSO_estandar,27,17.67547103045868,0.045749399992928375,98
10,Rastrigin,PSO,PSO_estandar,28,12.951491839815418,0.04513660000520758,99
10,Rastrigin,PSO,PSO_estandar,29,9.095297923147015,0.04530200000590412,98
10,Rastrigin,PSO,PSO_exploracion,0,77.70953584368412,0.046881399997801054,19
10,Rastrigin,PSO,PSO_exploracion,1,75.06800316932545,0.047217799998179544,49
10,Rastrigin,PSO,PSO_exploracion,2,96.583602883538,0.045893500006059185,2
10,Rastrigin,PSO,PSO_exploracion,3,88.74315441520118,0.046232900000177324,42
10,Rastrigin,PSO,PSO_exploracion,4,77.43959355290451,0.045208900002762675,28
10,Rastrigin,PSO,PSO_exploracion,5,89.63931283664682,0.045341800003370736,90
10,Rastrigin,PSO,PSO_exploracion,6,89.01947576038118,0.045204100002592895,82
10,Rastrigin,PSO,PSO_exploracion,7,111.67050509271726,0.04501409999647876,54
10,Rastrigin,PSO,PSO_exploracion,8,102.62021734585029,0.045847300003515556,0
10,Rastrigin,PSO,PSO_exploracion,9,50.20234545279833,0.045318299999053124,63
10,Rastrigin,PSO,PSO_exploracion,10,91.75824943168517,0.04470299999957206,0
10,Rastrigin,PSO,PSO_exploracion,11,43.41166556277365,0.044862800001283176,72
10,Rastrigin,PSO,PSO_exploracion,12,82.31366214527154,0.04474879999906989,64
10,Rastrigin,PSO,PSO_exploracion,13,89.4485270487516,0.044759299998986535,4
10,Rastrigin,PSO,PSO_exploracion,14,74.7563534450283,0.044746999999915715,79
10,Rastrigin,PSO,PSO_exploracion,15,93.49235088359151,0.044744600003468804,44
10,Rastrigin,PSO,PSO_exploracion,16,83.70020962071533,0.045354000001680106,68
10,Rastrigin,PSO,PSO_exploracion,17,76.58665637724494,0.045390999999654014,49
10,Rastrigin,PSO,PSO_exploracion,18,85.78107711751153,0.04491799999959767,25
10,Rastrigin,PSO,PSO_exploracion,19,74.3334081299725,0.045020599995041266,54
10,Rastrigin,PSO,PSO_exploracion,20,64.8530568810251,0.04525660000217613,3
10,Rastrigin,PSO,PSO_exploracion,21,89.42368813909667,0.044891800003824756,73
10,Rastrigin,PSO,PSO_exploracion,22,78.20945132697064,0.044906400005856995,27
10,Rastrigin,PSO,PSO_exploracion,23,71.60232523246574,0.04535380000015721,11
10,Rastrigin,PSO,PSO_exploracion,24,68.58046140839974,0.04493460000230698,88
10,Rastrigin,PSO,PSO_exploracion,25,73.95846871266303,0.044805099998484366,36
10,Rastrigin,PSO,PSO_exploracion,26,95.88103432838504,0.04532969999854686,4
10,Rastrigin,PSO,PSO_exploracion,27,91.09543777368833,0.04470140000194078,80
10,Rastrigin,PSO,PSO_exploracion,28,64.29605740128403,0.04474270000355318,75
10,Rastrigin,PSO,PSO_exploracion,29,96.12864614338407,0.045450700003129896,47
10,Rastrigin,PSO,PSO_explotacion,0,11.896235164570996,0.04558470000483794,99
10,Rastrigin,PSO,PSO_explotacion,1,9.357140075850154,0.044901300003402866,99
10,Rastrigin,PSO,PSO_explotacion,2,14.822719212713878,0.04499680000299122,99
10,Rastrigin,PSO,PSO_explotacion,3,10.600366147145749,0.04487340000196127,99
10,Rastrigin,PSO,PSO_explotacion,4,12.34031271662785,0.045968700003868435,99
10,Rastrigin,PSO,PSO_explotacion,5,9.190736403056434,0.04522930000530323,99
10,Rastrigin,PSO,PSO_explotacion,6,6.996690535924003,0.04503449999901932,99
10,Rastrigin,PSO,PSO_explotacion,7,14.824956807909487,0.045211399999971036,99
10,Rastrigin,PSO,PSO_explotacion,8,3.8026159632553913,0.045717300003161654,99
10,Rastrigin,PSO,PSO_explotacion,9,11.80411327967596,0.04515710000123363,99
10,Rastrigin,PSO,PSO_explotacion,10,6.686649405297999,0.04518709999683779,99
10,Rastrigin,PSO,PSO_explotacion,11,9.918170497308523,0.04561699999612756,98
10,Rastrigin,PSO,PSO_explotacion,12,11.190374956491624,0.04535899999609683,97
10,Rastrigin,PSO,PSO_explotacion,13,11.141507006042048,0.04570870000316063,99
10,Rastrigin,PSO,PSO_explotacion,14,9.600399209498477,0.04507910000393167,99
10,Rastrigin,PSO,PSO_explotacion,15,11.141502542235386,0.04512049999902956,99
10,Rastrigin,PSO,PSO_explotacion,16,7.764546555804657,0.045365900004981086,99
10,Rastrigin,PSO,PSO_explotacion,17,9.964197592599135,0.05618540000432404,99
10,Rastrigin,PSO,PSO_explotacion,18,9.392384080296821,0.05543970000144327,99
10,Rastrigin,PSO,PSO_explotacion,19,12.242094805188472,0.04567279999901075,99
10,Rastrigin,PSO,PSO_explotacion,20,8.387793347334025,0.04558299999916926,99
10,Rastrigin,PSO,PSO_explotacion,21,6.236706544525063,0.04524529999616789,99
10,Rastrigin,PSO,PSO_explotacion,22,22.709653853899397,0.04495940000197152,95
10,Rastrigin,PSO,PSO_explotacion,23,13.572597088978966,0.045329900000069756,99
10,Rastrigin,PSO,PSO_explotacion,24,9.592845076933003,0.045521000000007916,96
10,Rastrigin,PSO,PSO_explotacion,25,11.742934340556616,0.046311900005093776,99
10,Rastrigin,PSO,PSO_explotacion,26,11.857221531631737,0.045463199996447656,99
10,Rastrigin,PSO,PSO_explotacion,27,12.759911713170538,0.04557220000424422,99
10,Rastrigin,PSO,PSO_explotacion,28,11.014399508609188,0.04598370000167051,99
10,Rastrigin,PSO,PSO_explotacion,29,23.88819160107751,0.048784600003273226,99
10,Rastrigin,AG,AG_base,0,6.083872217410885,0.6461114999983693,77
10,Rastrigin,AG,AG_base,1,7.44027402890211,0.6456249999973807,93
10,Rastrigin,AG,AG_base,2,6.426114456254396,0.6342676999993273,94
10,Rastrigin,AG,AG_base,3,2.7491995918947936,0.6358353000032366,88
10,Rastrigin,AG,AG_base,4,3.83807451005363,0.6343206000019563,99
10,Rastrigin,AG,AG_base,5,4.6666780062887625,0.6358802000031574,95
10,Rastrigin,AG,AG_base,6,9.775615037647754,0.6325923999975203,94
10,Rastrigin,AG,AG_base,7,3.3024556597693078,0.6335483000002569,70
10,Rastrigin,AG,AG_base,8,4.14942845664541,0.6355096999977832,91
10,Rastrigin,AG,AG_base,9,8.431034302570907,0.6368845000033616,84
10,Rastrigin,AG,AG_base,10,8.205962444913425,0.6359824999963166,93
10,Rastrigin,AG,AG_base,11,4.573830574457531,0.6356804999959422,98
10,Rastrigin,AG,AG_base,12,4.342596458918891,0.6350345999962883,98
10,Rastrigin,AG,AG_base,13,8.652867827233791,0.634036899995408,90
10,Rastrigin,AG,AG_base,14,6.505066591874879,0.6332655000005616,96
10,Rastrigin,AG,AG_base,15,3.9437301682912107,0.6367148000063025,86
10,Rastrigin,AG,AG_base,16,3.083494966694559,0.6354864000022644,98
10,Rastrigin,AG,AG_base,17,6.930889474766275,0.6330305000010412,97
10,Rastrigin,AG,AG_base,18,7.0327558103792,0.6333494999998948,97
10,Rastrigin,AG,AG_base,19,9.241043361727876,0.6312120000002324,94
10,Rastrigin,AG,AG_base,20,4.2622121048542,0.6338590000013937,97
10,Rastrigin,AG,AG_base,21,4.915600703561324,0.6342128000032972,99
10,Rastrigin,AG,AG_base,22,3.117297713159175,0.6357266999984859,97
10,Rastrigin,AG,AG_base,23,3.525383697021269,0.6360245000032592,96
10,Rastrigin,AG,AG_base,24,5.885891563194193,0.6357275999980629,83
10,Rastrigin,AG,AG_base,25,3.234099679568857,0.6405458000008366,94
10,Rastrigin,AG,AG_base,26,7.990668033321924,0.6360206000026665,91
10,Rastrigin,AG,AG_base,27,5.058326069506464,0.6354131000043708,81
10,Rastrigin,AG,AG_base,28,2.7121423219750938,0.6333095000009052,78
10,Rastrigin,AG,AG_base,29,5.622443483243018,0.6397426999974414,96
10,Rosenbrock,PSO,PSO_estandar,0,3025.1216386337173,0.055501800001366064,99
10,Rosenbrock,PSO,PSO_estandar,1,9.60383433527301,0.05427800000325078,99
10,Rosenbrock,PSO,PSO_estandar,2,230.94503024711108,0.053491300001041964,98
10,Rosenbrock,PSO,PSO_estandar,3,2981.487872964566,0.05387469999550376,99
10,Rosenbrock,PSO,PSO_estandar,4,3.514593433834759,0.05375769999955082,99
10,Rosenbrock,PSO,PSO_estandar,5,70.75619556675419,0.05570420000003651,99
10,Rosenbrock,PSO,PSO_estandar,6,8.23266496980714,0.0610750999985612,99
10,Rosenbrock,PSO,PSO_estandar,7,113.5028396863535,0.06801139999879524,98
10,Rosenbrock,PSO,PSO_estandar,8,154.20939042751485,0.061639699997613207,99
10,Rosenbrock,PSO,PSO_estandar,9,106.72766145073928,0.05586659999971744,99
10,Rosenbrock,PSO,PSO_estandar,10,5.145979475654563,0.06505830000241986,98
10,Rosenbrock,PSO,PSO_estandar,11,8.161991263637818,0.058622500000637956,99
10,Rosenbrock,PSO,PSO_estandar,12,241.80462435125372,0.06729369999811752,98
10,Rosenbrock,PSO,PSO_estandar,13,7.5174090149916255,0.06250069999805419,99
10,Rosenbrock,PSO,PSO_estandar,14,7.5773249103551485,0.06472610000491841,99
10,Rosenbrock,PSO,PSO_estandar,15,9.249359778318599,0.05980260000069393,95
10,Rosenbrock,PSO,PSO_estandar,16,8.898755784016899,0.0630922999989707,99
10,Rosenbrock,PSO,PSO_estandar,17,11.48017593720122,0.05744090000371216,97
10,Rosenbrock,PSO,PSO_estandar,18,50.66048803381232,0.05954809999821009,99
10,Rosenbrock,PSO,PSO_estandar,19,5.5879857882191715,0.06687310000415891,99
10,Rosenbrock,PSO,PSO_estandar,20,555.4117192927656,0.08021279999957187,99
10,Rosenbrock,PSO,PSO_estandar,21,8.839795109540244,0.08316410000406904,99
10,Rosenbrock,PSO,PSO_estandar,22,8.212409866157133,0.06982900000002701,99
10,Rosenbrock,PSO,PSO_estandar,23,3021.6793069345495,0.05650520000199322,99
10,Rosenbrock,PSO,PSO_estandar,24,45.786252721366395,0.05435619999479968,98
10,Rosenbrock,PSO,PSO_estandar,25,10.209431419461337,0.05406270000094082,99
10,Rosenbrock,PSO,PSO_estandar,26,107.12353703185339,0.05400709999958053,98
10,Rosenbrock,PSO,PSO_estandar,27,7.8207573875674505,0.05398150000110036,99
10,Rosenbrock,PSO,PSO_estandar,28,10.294737937766111,0.05393020000337856,99
10,Rosenbrock,PSO,PSO_estandar,29,7.224224127563701,0.054124800000863615,97
10,Rosenbrock,PSO,PSO_exploracion,0,787504.4290284864,0.05416239999613026,96
10,Rosenbrock,PSO,PSO_exploracion,1,243495.73228487605,0.05397830000583781,43
10,Rosenbrock,PSO,PSO_exploracion,2,58305.80553062903,0.05396910000126809,92
10,Rosenbrock,PSO,PSO_exploracion,3,317979.1405856438,0.05383570000412874,61
10,Rosenbrock,PSO,PSO_exploracion,4,333728.52727618837,0.053897300000244286,91
10,Rosenbrock,PSO,PSO_exploracion,5,2121956.0862343614,0.054049700003815815,65
10,Rosenbrock,PSO,PSO_exploracion,6,1929607.1518432347,0.05395120000321185,89
10,Rosenbrock,PSO,PSO_exploracion,7,254133.89066967007,0.053973199996107724,46
10,Rosenbrock,PSO,PSO_exploracion,8,288766.8883756717,0.05395670000143582,53
10,Rosenbrock,PSO,PSO_exploracion,9,158892.38455123658,0.05529309999838006,61
10,Rosenbrock,PSO,PSO_exploracion,10,417390.99836093467,0.05362079999758862,65
10,Rosenbrock,PSO,PSO_exploracion,11,681742.4650268729,0.053610099996149074,51
10,Rosenbrock,PSO,PSO_exploracion,12,457930.6431238501,0.05373429999599466,33
10,Rosenbrock,PSO,PSO_exploracion,13,1506063.1324257045,0.05399120000220137,92
10,Rosenbrock,PSO,PSO_exploracion,14,458692.55730641424,0.053205399999569636,68
10,Rosenbrock,PSO,PSO_exploracion,15,3208522.19154662,0.05341049999697134,98
10,Rosenbrock,PSO,PSO_exploracion,16,1906951.310918671,0.05352489999495447,28
10,Rosenbrock,PSO,PSO_exploracion,17,539805.766261742,0.05355079999571899,82
10,Rosenbrock,PSO,PSO_exploracion,18,1354960.1814216308,0.05361550000088755,35
10,Rosenbrock,PSO,PSO_exploracion,19,403485.9170469523,0.053561699998681433,68
10,Rosenbrock,PSO,PSO_exploracion,20,415953.14773261896,0.05373430000327062,36
10,Rosenbrock,PSO,PSO_exploracion,21,640723.1074871164,0.053532699996139854,97
10,Rosenbrock,PSO,PSO_exploracion,22,1809328.6708422543,0.05349259999638889,38
10,Rosenbrock,PSO,PSO_exploracion,23,244058.9739520312,0.054221999998844694,63
10,Rosenbrock,PSO,PSO_exploracion,24,107212.88316480593,0.05319429999508429,32
10,Rosenbrock,PSO,PSO_exploracion,25,1080285.8683275564,0.05319510000117589,42
10,Rosenbrock,PSO,PSO_exploracion,26,1077612.8057016407,0.05300590000115335,86
10,Rosenbrock,PSO,PSO_exploracion,27,1685473.5983224795,0.05309300000226358,5
10,Rosenbrock,PSO,PSO_exploracion,28,664633.0062837334,0.053967300002113916,79
10,Rosenbrock,PSO,PSO_exploracion,29,1103652.3898031337,0.05486609999934444,55
10,Rosenbrock,PSO,PSO_explotacion,0,10710.359742847422,0.05547340000339318,99
10,Rosenbrock,PSO,PSO_explotacion,1,35152.77106790989,0.060655599998426624,99
10,Rosenbrock,PSO,PSO_explotacion,2,84709.454334024,0.05603319999499945,99
10,Rosenbrock,PSO,PSO_explotacion,3,94620.06200570682,0.05415219999849796,99
10,Rosenbrock,PSO,PSO_explotacion,4,26885.154821722674,0.05391579999559326,99
10,Rosenbrock,PSO,PSO_explotacion,5,38552.406309643295,0.05375880000065081,99
10,Rosenbrock,PSO,PSO_explotacion,6,672.8916160499942,0.053967899999406654,99
10,Rosenbrock,PSO,PSO_explotacion,7,2825.3760646675864,0.053931399997964036,99
10,Rosenbrock,PSO,PSO_explotacion,8,82819.03014598084,0.05408140000508865,99
10,Rosenbrock,PSO,PSO_explotacion,9,14672.928114273338,0.05404180000186898,99
10,Rosenbrock,PSO,PSO_explotacion,10,101427.81812981507,0.054209100002481136,99
10,Rosenbrock,PSO,PSO_explotacion,11,1617.883089281528,0.05409270000382094,99
10,Rosenbrock,PSO,PSO_explotacion,12,203.8365896387299,0.053963099999236874,99
10,Rosenbrock,PSO,PSO_explotacion,13,67594.00274126607,0.05400940000254195,99
10,Rosenbrock,PSO,PSO_explotacion,14,2316.3944031362744,0.054009299994504545,99
10,Rosenbrock,PSO,PSO_explotacion,15,49177.7199405515,0.054006400001526345,99
10,Rosenbrock,PSO,PSO_explotacion,16,8133.890615218415,0.054515099996933714,99
10,Rosenbrock,PSO,PSO_explotacion,17,5184.84549060174,0.0540127999993274,99
10,Rosenbrock,PSO,PSO_explotacion,18,25473.17512919576,0.05388770000718068,99
10,Rosenbrock,PSO,PSO_explotacion,19,88.21012935984152,0.05406850000144914,99
10,Rosenbrock,PSO,PSO_explotacion,20,670.6486620006482,0.054006799997296184,99
10,Rosenbrock,PSO,PSO_explotacion,21,28923.835676907027,0.053588099995977245,99
10,Rosenbrock,PSO,PSO_explotacion,22,9545.434801820393,0.054003900004317984,99
10,Rosenbrock,PSO,PSO_explotacion,23,10721.01708527434,0.05412880000221776,99
10,Rosenbrock,PSO,PSO_explotacion,24,20348.416034557904,0.0536229000063031,99
10,Rosenbrock,PSO,PSO_explotacion,25,2546.7900742873267,0.0539539999954286,99
10,Rosenbrock,PSO,PSO_explotacion,26,1249.12137187694,0.054202500003157184,99
10,Rosenbrock,PSO,PSO_explotacion,27,12420.232439823345,0.05421889999706764,99
10,Rosenbrock,PSO,PSO_explotacion,28,1826.5697150362728,0.054485799999383744,99
10,Rosenbrock,PSO,PSO_explotacion,29,16479.78248669335,0.05430480000359239,99
10,Rosenbrock,AG,AG_base,0,16.238221018560303,0.6468090000053053,99
10,Rosenbrock,AG,AG_base,1,11.725733293451706,0.6438324999980978,86
10,Rosenbrock,AG,AG_base,2,9.99769889340889,0.6430917999969097,94
10,Rosenbrock,AG,AG_base,3,10.084457277908562,0.6458159999965574,96
10,Rosenbrock,AG,AG_base,4,31.69125199108812,0.6461940999943181,99
10,Rosenbrock,AG,AG_base,5,17.960925940455148,0.6434589999989839,94
10,Rosenbrock,AG,AG_base,6,40.257445325489975,0.6472630999996909,79
10,Rosenbrock,AG,AG_base,7,30.542422951938526,0.6449380999983987,94
10,Rosenbrock,AG,AG_base,8,13.42584886838835,0.6448622000025352,98
10,Rosenbrock,AG,AG_base,9,92.29332967808773,0.6413862999979756,75
10,Rosenbrock,AG,AG_base,10,19.69610860933161,0.6440385000023525,94
10,Rosenbrock,AG,AG_base,11,65.0966989387533,0.6476551000014297,99
10,Rosenbrock,AG,AG_base,12,36.106854447172054,0.6424460999987787,84
10,Rosenbrock,AG,AG_base,13,24.64824143867224,0.6428212000027997,95
10,Rosenbrock,AG,AG_base,14,13.98954566106367,0.6438529000006383,85
10,Rosenbrock,AG,AG_base,15,78.27739541328206,0.6440062999972724,99
10,Rosenbrock,AG,AG_base,16,209.61048165031724,0.6443273999975645,98
10,Rosenbrock,AG,AG_base,17,16.32482071044535,0.6446866000042064,88
10,Rosenbrock,AG,AG_base,18,19.554355468623296,0.6413490000049933,68
10,Rosenbrock,AG,AG_base,19,77.93228633982173,0.6400858999986667,88
10,Rosenbrock,AG,AG_base,20,32.66291268801733,0.6417121000049519,97
10,Rosenbrock,AG,AG_base,21,10.718577841615812,0.6442303000003449,98
10,Rosenbrock,AG,AG_base,22,13.998681901415395,0.641076100000646,90
10,Rosenbrock,AG,AG_base,23,11.620867591990478,0.6474916000006488,92
10,Rosenbrock,AG,AG_base,24,62.12601581420631,0.6429053000028944,84
10,Rosenbrock,AG,AG_base,25,12.661944569644893,0.645683700000518,98
10,Rosenbrock,AG,AG_base,26,28.227807364627925,0.6456770999939181,98
10,Rosenbrock,AG,AG_base,27,142.27093865805452,0.6425068000025931,94
10,Rosenbrock,AG,AG_base,28,10.784251596629346,0.6461781999969389,90
10,Rosenbrock,AG,AG_base,29,24.55081642530452,0.6438836000015726,99
30,Esfera,PSO,PSO_estandar,0,45.00539573239664,0.02538460000505438,99
30,Esfera,PSO,PSO_estandar,1,86.14266954214152,0.025386200002685655,99
30,Esfera,PSO,PSO_estandar,2,100.47799917083822,0.02543300000252202,98
30,Esfera,PSO,PSO_estandar,3,330.84272933341197,0.025205500001902692,98
30,Esfera,PSO,PSO_estandar,4,90.16059123417297,0.025033699996129144,98
30,Esfera,PSO,PSO_estandar,5,79.44445182164505,0.024859899996954482,99
30,Esfera,PSO,PSO_estandar,6,24.050365703397535,0.02492000000347616,98
30,Esfera,PSO,PSO_estandar,7,59.68347186168824,0.024854600000253413,98
30,Esfera,PSO,PSO_estandar,8,72.32895353905568,0.025129699999524746,99
30,Esfera,PSO,PSO_estandar,9,5.683645847753711,0.025194599998940248,99
30,Esfera,PSO,PSO_estandar,10,14.155884183801719,0.02531029999954626,98
30,Esfera,PSO,PSO_estandar,11,99.12748679471414,0.025055400001292583,99
30,Esfera,PSO,PSO_estandar,12,46.28957110453547,0.026271100003214087,99
30,Esfera,PSO,PSO_estandar,13,86.01695638944916,0.025125399995886255,98
30,Esfera,PSO,PSO_estandar,14,79.39918175894276,0.025386099994648248,99
30,Esfera,PSO,PSO_estandar,15,85.74850713831947,0.025125599997409154,99
30,Esfera,PSO,PSO_estandar,16,162.77024876335375,0.025023100002727006,98
30,Esfera,PSO,PSO_estandar,17,32.805724245716405,0.024972899998829234,99
30,Esfera,PSO,PSO_estandar,18,294.05784002877374,0.02504870000120718,99
30,Esfera,PSO,PSO_estandar,19,87.63260946416747,0.024943500000517815,99
30,Esfera,PSO,PSO_estandar,20,96.80355675951657,0.024957800000265706,99
30,Esfera,PSO,PSO_estandar,21,37.570508385881425,0.02486960000533145,99
30,Esfera,PSO,PSO_estandar,22,87.91131963041241,0.024936100002378225,99
30,Esfera,PSO,PSO_estandar,23,35.677698327559085,0.02498360000026878,98
30,Esfera,PSO,PSO_estandar,24,99.95407050877556,0.02488710000034189,99
30,Esfera,PSO,PSO_estandar,25,39.65988571054713,0.02495749999798136,99
30,Esfera,PSO,PSO_estandar,26,63.69548762446091,0.02496199999586679,99
30,Esfera,PSO,PSO_estandar,27,177.71837594458236,0.024951499995950144,99
30,Esfera,PSO,PSO_estandar,28,10068.962562930252,0.024994899999001063,99
30,Esfera,PSO,PSO_estandar,29,56.979251285553275,0.024926600002800114,96
30,Esfera,PSO,PSO_exploracion,0,52347.40993586474,0.02503219999925932,13
30,Esfera,PSO,PSO_exploracion,1,61081.7924801872,0.025028299998666625,76
30,Esfera,PSO,PSO_exploracion,2,61714.52501086941,0.024561099999118596,0
30,Esfera,PSO,PSO_exploracion,3,54893.908291027634,0.024476500002492685,59
30,Esfera,PSO,PSO_exploracion,4,51056.65337707115,0.02449739999428857,32
30,Esfera,PSO,PSO_exploracion,5,63520.21001364893,0.024367899997741915,29
30,Esfera,PSO,PSO_exploracion,6,49746.7480701342,0.024512900003173854,67
30,Esfera,PSO,PSO_exploracion,7,55889.44678892917,0.02448059999733232,62
30,Esfera,PSO,PSO_exploracion,8,51279.53287825184,0.024450599994452205,4
30,Esfera,PSO,PSO_exploracion,9,51835.45571966691,0.02454340000258526,85
30,Esfera,PSO,PSO_exploracion,10,45688.21549481547,0.0245264999975916,52
30,Esfera,PSO,PSO_exploracion,11,45509.05869106164,0.02448069999809377,43
30,Esfera,PSO,PSO_exploracion,12,53364.61455978123,0.024580600002082065,8
30,Esfera,PSO,PSO_exploracion,13,53028.70449114347,0.02452110000012908,15
30,Esfera,PSO,PSO_exploracion,14,49142.5442543319,0.024596199997176882,30
30,Esfera,PSO,PSO_exploracion,15,52779.157311805924,0.025024000002304092,81
30,Esfera,PSO,PSO_exploracion,16,53374.454099728646,0.025800499999604654,9
30,Esfera,PSO,PSO_exploracion,17,51537.41845011689,0.024777699996775482,87
30,Esfera,PSO,PSO_exploracion,18,62672.36430550668,0.02617650000320282,75
30,Esfera,PSO,PSO_exploracion,19,39746.18116132566,0.02578469999571098,41
30,Esfera,PSO,PSO_exploracion,20,61204.037502817395,0.025744699996721465,77
30,Esfera,PSO,PSO_exploracion,21,53732.489922448454,0.0254140000033658,35
30,Esfera,PSO,PSO_exploracion,22,51700.377705819796,0.02508010000019567,96
30,Esfera,PSO,PSO_exploracion,23,45539.56650049501,0.02475300000514835,4
30,Esfera,PSO,PSO_exploracion,24,55152.43104084102,0.02488910000101896,71
30,Esfera,PSO,PSO_exploracion,25,59583.42648084479,0.02518009999766946,66
30,Esfera,PSO,PSO_exploracion,26,41171.83605654916,0.02468809999845689,16
30,Esfera,PSO,PSO_exploracion,27,49980.48794398409,0.024658700000145473,80
30,Esfera,PSO,PSO_exploracion,28,50537.31624915642,0.024679100002686027,82
30,Esfera,PSO,PSO_exploracion,29,62075.601178913785,0.024584999999206048,36
30,Esfera,PSO,PSO_explotacion,0,6220.739358583338,0.025976499993703328,99
30,Esfera,PSO,PSO_explotacion,1,5237.5393361974875,0.026097999994817656,99
30,Esfera,PSO,PSO_explotacion,2,7530.55776426918,0.025125300002400763,99
30,Esfera,PSO,PSO_explotacion,3,3949.1152427926536,0.024936000001616776,99
30,Esfera,PSO,PSO_explotacion,4,11041.126084415844,0.02518259999487782,99
30,Esfera,PSO,PSO_explotacion,5,6414.426794809202,0.024897699993744027,99
30,Esfera,PSO,PSO_explotacion,6,8062.362658734477,0.0249785999985761,99
30,Esfera,PSO,PSO_explotacion,7,6555.263593410317,0.025001399997563567,99
30,Esfera,PSO,PSO_explotacion,8,5518.778016092829,0.024979399997391738,99
30,Esfera,PSO,PSO_explotacion,9,5472.638506795851,0.024970799997390714,99
30,Esfera,PSO,PSO_explotacion,10,4421.135273616039,0.025384599997778423,99
30,Esfera,PSO,PSO_explotacion,11,6404.820155877317,0.02497640000365209,99
30,Esfera,PSO,PSO_explotacion,12,7880.314061436587,0.024903199999243952,99
30,Esfera,PSO,PSO_explotacion,13,4687.185797213876,0.024960700000519864,99
30,Esfera,PSO,PSO_explotacion,14,4447.163552202347,0.025044800000614487,99
30,Esfera,PSO,PSO_explotacion,15,7254.394946037301,0.02495380000618752,99
30,Esfera,PSO,PSO_explotacion,16,6424.604107600472,0.025005900002724957,99
30,Esfera,PSO,PSO_explotacion,17,8018.919085259222,0.025037200000951998,99
30,Esfera,PSO,PSO_explotacion,18,8626.111551350343,0.025016499996127095,99
30,Esfera,PSO,PSO_explotacion,19,8014.89271908692,0.02494730000034906,99
30,Esfera,PSO,PSO_explotacion,20,7158.53967253296,0.02500960000179475,99
30,Esfera,PSO,PSO_explotacion,21,5104.891714723411,0.02500270000018645,99
30,Esfera,PSO,PSO_explotacion,22,10061.106552407708,0.024982700000691693,99
30,Esfera,PSO,PSO_explotacion,23,6924.43441901964,0.024945699995441828,99
30,Esfera,PSO,PSO_explotacion,24,9623.847592712626,0.02494450000085635,99
30,Esfera,PSO,PSO_explotacion,25,6363.75038525152,0.02493289999983972,99
30,Esfera,PSO,PSO_explotacion,26,6829.486943023868,0.024920900003053248,99
30,Esfera,PSO,PSO_explotacion,27,6957.912474302957,0.02488710000034189,99
30,Esfera,PSO,PSO_explotacion,28,7768.9991136152985,0.025112300005275756,99
30,Esfera,PSO,PSO_explotacion,29,8172.136804214518,0.02498320000449894,99
30,Esfera,AG,AG_base,0,225.16059486428796,0.6368818000046303,82
30,Esfera,AG,AG_base,1,134.46067825034325,0.6313890000019455,96
30,Esfera,AG,AG_base,2,114.06144109455258,0.63241779999953,81
30,Esfera,AG,AG_base,3,132.11448553828646,0.6301142000011168,97
30,Esfera,AG,AG_base,4,152.89744800204875,0.6322455999979866,81
30,Esfera,AG,AG_base,5,158.56947781022836,0.6287701000037487,94
30,Esfera,AG,AG_base,6,222.72870185222558,0.629102500002773,93
30,Esfera,AG,AG_base,7,222.37995593527356,0.6304133000012371,79
30,Esfera,AG,AG_base,8,244.35008249695656,0.6294694000025629,93
30,Esfera,AG,AG_base,9,159.63013717635152,0.6302888999998686,86
30,Esfera,AG,AG_base,10,184.07499840920573,0.631012700003339,82
30,Esfera,AG,AG_base,11,244.64585724048055,0.6303276999969967,98
30,Esfera,AG,AG_base,12,223.87533091478105,0.6297349000014947,74
30,Esfera,AG,AG_base,13,222.5213711311196,0.6280121000017971,97
30,Esfera,AG,AG_base,14,170.63759898033277,0.6340223000006517,95
30,Esfera,AG,AG_base,15,218.86476880726045,0.6291726999988896,95
30,Esfera,AG,AG_base,16,134.90623718580662,0.629692199996498,89
30,Esfera,AG,AG_base,17,200.74664656809566,0.6312319999997271,97
30,Esfera,AG,AG_base,18,142.81501057476913,0.6302694999976666,97
30,Esfera,AG,AG_base,19,248.82486618514977,0.6287731999982498,82
30,Esfera,AG,AG_base,20,206.53730116512182,0.6296203000019887,85
30,Esfera,AG,AG_base,21,186.0706434482596,0.6322627999979886,97
30,Esfera,AG,AG_base,22,254.78014342836744,0.6330978000041796,84
30,Esfera,AG,AG_base,23,181.25818124724896,0.632610399996338,96
30,Esfera,AG,AG_base,24,260.23976559119865,0.6325058000002173,91
30,Esfera,AG,AG_base,25,200.0943109437774,0.631820799993875,86
30,Esfera,AG,AG_base,26,117.38579012278554,0.6294168000022182,99
30,Esfera,AG,AG_base,27,156.48687991278285,0.6280805999995209,89
30,Esfera,AG,AG_base,28,108.30892063858238,0.6343512999956147,99
30,Esfera,AG,AG_base,29,201.9795636227805,0.6317808000021614,95
30,Ackley,PSO,PSO_estandar,0,5.003316426861435,0.08126769999944372,98
30,Ackley,PSO,PSO_estandar,1,5.105952310322046,0.08085830000345595,93
30,Ackley,PSO,PSO_estandar,2,4.919137611168587,0.08075709999684477,91
30,Ackley,PSO,PSO_estandar,3,4.248142711734165,0.08071979999658652,98
30,Ackley,PSO,PSO_estandar,4,4.288782150869139,0.08175009999831673,99
30,Ackley,PSO,PSO_estandar,5,3.0287000925474996,0.0809259999950882,97
30,Ackley,PSO,PSO_estandar,6,6.781414339028586,0.0820123000012245,93
30,Ackley,PSO,PSO_estandar,7,3.5009174387291577,0.08221979999507312,97
30,Ackley,PSO,PSO_estandar,8,4.548329751800274,0.08066789999429602,98
30,Ackley,PSO,PSO_estandar,9,5.61191599712755,0.08027790000051027,99
30,Ackley,PSO,PSO_estandar,10,4.1433514792797155,0.08202929999970365,99
30,Ackley,PSO,PSO_estandar,11,3.251545191888536,0.08032419999653939,97
30,Ackley,PSO,PSO_estandar,12,4.574950428759347,0.08046830000239424,99
30,Ackley,PSO,PSO_estandar,13,4.124059051788489,0.08153870000387542,97
30,Ackley,PSO,PSO_estandar,14,3.648393518305792,0.08375859999796376,98
30,Ackley,PSO,PSO_estandar,15,15.264457307110387,0.0825057000038214,92
30,Ackley,PSO,PSO_estandar,16,3.4160136811605537,0.08106250000128057,95
30,Ackley,PSO,PSO_estandar,17,4.410061093158291,0.08137990000250284,96
30,Ackley,PSO,PSO_estandar,18,7.681241879662172,0.08107179999933578,99
30,Ackley,PSO,PSO_estandar,19,4.489597474633818,0.08111079999798676,99
30,Ackley,PSO,PSO_estandar,20,3.521994017730624,0.08076660000369884,98
30,Ackley,PSO,PSO_estandar,21,3.6553901895242196,0.08076369999616873,97
30,Ackley,PSO,PSO_estandar,22,3.7675162013859986,0.08072750000428641,98
30,Ackley,PSO,PSO_estandar,23,5.688216410241424,0.08067509999818867,92
30,Ackley,PSO,PSO_estandar,24,4.883458806672614,0.08044810000137659,98
30,Ackley,PSO,PSO_estandar,25,15.143564179179618,0.08017180000024382,96
30,Ackley,PSO,PSO_estandar,26,3.3900016395717576,0.0803922999984934,99
30,Ackley,PSO,PSO_estandar,27,4.371084876304565,0.08052040000620764,98
30,Ackley,PSO,PSO_estandar,28,3.982394323513486,0.08031589999882272,99
30,Ackley,PSO,PSO_estandar,29,7.2041258736274365,0.08035960000415798,96
30,Ackley,PSO,PSO_exploracion,0,19.963019716972443,0.0800223999976879,14
30,Ackley,PSO,PSO_exploracion,1,19.96300053763432,0.07953870000346797,46
30,Ackley,PSO,PSO_exploracion,2,19.963004857861396,0.07944980000320356,90
30,Ackley,PSO,PSO_exploracion,3,19.96300039278446,0.08032220000313828,15
30,Ackley,PSO,PSO_exploracion,4,20.435929615015485,0.0811316999970586,0
30,Ackley,PSO,PSO_exploracion,5,19.963007661050735,0.08046530000137864,69
30,Ackley,PSO,PSO_exploracion,6,20.230966027943314,0.08007980000547832,79
30,Ackley,PSO,PSO_exploracion,7,19.962994815006656,0.0793208000031882,59
30,Ackley,PSO,PSO_exploracion,8,19.959870867424932,0.07947719999356195,50
30,Ackley,PSO,PSO_exploracion,9,20.39186277193503,0.08017329999711365,3
30,Ackley,PSO,PSO_exploracion,10,19.826630568074155,0.07997829999658279,33
30,Ackley,PSO,PSO_exploracion,11,19.98066395249213,0.08020119999855524,4
30,Ackley,PSO,PSO_exploracion,12,20.39488649075196,0.07996010000351816,28
30,Ackley,PSO,PSO_exploracion,13,20.365480297727824,0.08064720000402303,4
30,Ackley,PSO,PSO_exploracion,14,20.242692561971516,0.07973330000095302,3
30,Ackley,PSO,PSO_exploracion,15,20.554918367992705,0.07978890000231331,72
30,Ackley,PSO,PSO_exploracion,16,20.507499026809793,0.0813479999997071,0
30,Ackley,PSO,PSO_exploracion,17,19.95982706009852,0.08019400000193855,66
30,Ackley,PSO,PSO_exploracion,18,19.958815416523105,0.07962939999561058,4
30,Ackley,PSO,PSO_exploracion,19,20.320592343542753,0.07980110000062268,68
30,Ackley,PSO,PSO_exploracion,20,19.962998737113768,0.07932209999853512,74
30,Ackley,PSO,PSO_exploracion,21,20.272367742661558,0.07984650000435067,4
30,Ackley,PSO,PSO_exploracion,22,20.31896479927548,0.07992279999598395,13
30,Ackley,PSO,PSO_exploracion,23,20.1296403113571,0.07991970000148285,3
30,Ackley,PSO,PSO_exploracion,24,20.352683835701832,0.08062579999386799,57
30,Ackley,PSO,PSO_exploracion,25,19.962996605727284,0.08002639999904204,99
30,Ackley,PSO,PSO_exploracion,26,20.20681542411314,0.08048730000155047,60
30,Ackley,PSO,PSO_exploracion,27,20.489556021699332,0.08010649999778252,49
30,Ackley,PSO,PSO_exploracion,28,20.187715130468312,0.08023440000397386,61
30,Ackley,PSO,PSO_exploracion,29,19.96299612409392,0.07940319999761414,94
30,Ackley,PSO,PSO_explotacion,0,11.835562889307043,0.08092710000346415,99
30,Ackley,PSO,PSO_explotacion,1,12.375798274009572,0.08134440000139875,99
30,Ackley,PSO,PSO_explotacion,2,11.45694122393844,0.08024010000372073,99
30,Ackley,PSO,PSO_explotacion,3,13.409815373113988,0.08007150000048568,99
30,Ackley,PSO,PSO_explotacion,4,12.684875184617905,0.08018349999474594,99
30,Ackley,PSO,PSO_explotacion,5,12.62235912719891,0.08026749999407912,99
30,Ackley,PSO,PSO_explotacion,6,13.740944553961414,0.08004400000208989,99
30,Ackley,PSO,PSO_explotacion,7,14.605168489105028,0.08028999999805819,99
30,Ackley,PSO,PSO_explotacion,8,12.291467655349948,0.08000490000267746,99
30,Ackley,PSO,PSO_explotacion,9,11.857691209058405,0.08004629999777535,99
30,Ackley,PSO,PSO_explotacion,10,11.300767980868564,0.0800572000007378,98
30,Ackley,PSO,PSO_explotacion,11,13.070207624613893,0.08004719999735244,99
30,Ackley,PSO,PSO_explotacion,12,13.962009291038392,0.08014440000260947,99
30,Ackley,PSO,PSO_explotacion,13,11.955202300049566,0.0800366000039503,99
30,Ackley,PSO,PSO_explotacion,14,11.347580409873704,0.08020989999931771,99
30,Ackley,PSO,PSO_explotacion,15,13.352227058878421,0.07995529999607243,99
30,Ackley,PSO,PSO_explotacion,16,13.899531714658114,0.08036730000458192,99
30,Ackley,PSO,PSO_explotacion,17,12.085764642425682,0.08035720000043511,99
30,Ackley,PSO,PSO_explotacion,18,14.186192988818137,0.08019570000033127,98
30,Ackley,PSO,PSO_explotacion,19,10.016854432205147,0.08027179999771761,99
30,Ackley,PSO,PSO_explotacion,20,11.554438743521226,0.08016420000058133,99
30,Ackley,PSO,PSO_explotacion,21,12.84094522498425,0.08000369999354007,99
30,Ackley,PSO,PSO_explotacion,22,13.90383832885012,0.08005760000378359,99
30,Ackley,PSO,PSO_explotacion,23,13.437603695403347,0.08043810000526719,99
30,Ackley,PSO,PSO_explotacion,24,13.758344606880383,0.0797891999973217,99
30,Ackley,PSO,PSO_explotacion,25,13.890485288415277,0.07993820000410778,99
30,Ackley,PSO,PSO_explotacion,26,13.671409969788684,0.08013699999719393,99
30,Ackley,PSO,PSO_explotacion,27,14.205556673324631,0.08012740000413032,99
30,Ackley,PSO,PSO_explotacion,28,12.988832739206845,0.08075130000361241,99
30,Ackley,PSO,PSO_explotacion,29,12.873389457622823,0.08013750000100117,96
30,Ackley,AG,AG_base,0,4.530112871557588,0.70574150000175,99
30,Ackley,AG,AG_base,1,4.450827299383295,0.7020810000030906,96
30,Ackley,AG,AG_base,2,4.883429262558508,0.7003926999968826,81
30,Ackley,AG,AG_base,3,4.683841342834924,0.7033101999986684,97
30,Ackley,AG,AG_base,4,4.725323189251245,0.7038904000000912,90
30,Ackley,AG,AG_base,5,4.103958174004099,0.7025061000022106,94
30,Ackley,AG,AG_base,6,4.671918864152115,0.7029018000030192,83
30,Ackley,AG,AG_base,7,4.411514971198315,0.7021715999944718,95
30,Ackley,AG,AG_base,8,4.910872514722584,0.7307683000035468,93
30,Ackley,AG,AG_base,9,4.803916587417447,0.802057100001548,82
30,Ackley,AG,AG_base,10,4.698276177609326,0.7049665000013192,91
30,Ackley,AG,AG_base,11,5.750810762620354,0.7453922999993665,89
30,Ackley,AG,AG_base,12,4.787424982984891,0.707813900000474,88
30,Ackley,AG,AG_base,13,5.275294576902542,0.6996959000025527,97
30,Ackley,AG,AG_base,14,4.679752563618674,0.6982258000061847,84
30,Ackley,AG,AG_base,15,5.033958155809788,0.702044500001648,87
30,Ackley,AG,AG_base,16,4.434532079332339,0.7000738999995519,94
30,Ackley,AG,AG_base,17,4.264216572898839,0.7000905000022613,95
30,Ackley,AG,AG_base,18,4.564055632574977,0.7031148999958532,97
30,Ackley,AG,AG_base,19,4.1688435793393275,0.7028827000031015,83
30,Ackley,AG,AG_base,20,4.985448622511132,0.7010827999984031,86
30,Ackley,AG,AG_base,21,4.944873473083817,0.7035147999995388,97
30,Ackley,AG,AG_base,22,4.5891224034668845,0.7018698000028962,95
30,Ackley,AG,AG_base,23,4.591472186135437,0.7023131999958423,91
30,Ackley,AG,AG_base,24,4.8035941749141955,0.7029375999991316,74
30,Ackley,AG,AG_base,25,5.120816280313164,0.7024631000022055,59
30,Ackley,AG,AG_base,26,4.487718056235206,0.6986193999982788,99
30,Ackley,AG,AG_base,27,4.499950062556497,0.7031004000018584,80
30,Ackley,AG,AG_base,28,3.9594765475112053,0.7019442000018898,99
30,Ackley,AG,AG_base,29,4.708267055761333,0.7064200999957393,99
30,Griewank,PSO,PSO_estandar,0,1.2359272219454238,0.06268060000002151,98
30,Griewank,PSO,PSO_estandar,1,1.4840223011979334,0.061340000000200234,99
30,Griewank,PSO,PSO_estandar,2,1.6360960158880333,0.06262339999375399,98
30,Griewank,PSO,PSO_estandar,3,1.6385753688564548,0.06107319999864558,99
30,Griewank,PSO,PSO_estandar,4,1.700419692704033,0.06156609999743523,99
30,Griewank,PSO,PSO_estandar,5,1.8037182741916271,0.0624829000007594,99
30,Griewank,PSO,PSO_estandar,6,1.6103528757469396,0.061535900000308175,99
30,Griewank,PSO,PSO_estandar,7,1.545872636525407,0.0611330999963684,98
30,Griewank,PSO,PSO_estandar,8,1.345950102869373,0.06124509999790462,97
30,Griewank,PSO,PSO_estandar,9,1.8785475784305343,0.06091960000048857,99
30,Griewank,PSO,PSO_estandar,10,1.2273602120877094,0.061037799998302944,99
30,Griewank,PSO,PSO_estandar,11,1.5985478511198892,0.06107959999644663,97
30,Griewank,PSO,PSO_estandar,12,1.9835940682208104,0.061054500001773704,99
30,Griewank,PSO,PSO_estandar,13,2.3816899525449466,0.06166799999482464,99
30,Griewank,PSO,PSO_estandar,14,1.249522702772026,0.06130529999791179,97
30,Griewank,PSO,PSO_estandar,15,1.5743480452161365,0.06089079999946989,98
30,Griewank,PSO,PSO_estandar,16,2.344846762444755,0.060918800001672935,99
30,Griewank,PSO,PSO_estandar,17,1.937903280812183,0.06111590000364231,98
30,Griewank,PSO,PSO_estandar,18,5.594862102460024,0.06477600000653183,97
30,Griewank,PSO,PSO_estandar,19,1.391267205901288,0.0626845999940997,98
30,Griewank,PSO,PSO_estandar,20,1.3204388942666854,0.06377429999702144,99
30,Griewank,PSO,PSO_estandar,21,3.352383069314626,0.0612159000011161,98
30,Griewank,PSO,PSO_estandar,22,91.48770606327855,0.061986399996385444,97
30,Griewank,PSO,PSO_estandar,23,1.8098986200023677,0.06253940000169678,99
30,Griewank,PSO,PSO_estandar,24,1.4667342806905466,0.061789700004737824,98
30,Griewank,PSO,PSO_estandar,25,1.8262242236634438,0.061126600005081855,99
30,Griewank,PSO,PSO_estandar,26,1.3334661325021318,0.06091039999591885,98
30,Griewank,PSO,PSO_estandar,27,1.927265468687902,0.06166959999973187,97
30,Griewank,PSO,PSO_estandar,28,4.364902568562636,0.06167740000091726,98
30,Griewank,PSO,PSO_estandar,29,1.5931312474701458,0.0614177000024938,99
30,Griewank,PSO,PSO_exploracion,0,484.21454730486175,0.0625614999953541,13
30,Griewank,PSO,PSO_exploracion,1,558.8220163965896,0.06135599999834085,76
30,Griewank,PSO,PSO_exploracion,2,555.9653290815021,0.062315099996339995,0
30,Griewank,PSO,PSO_exploracion,3,489.8503258667624,0.06237060000421479,59
30,Griewank,PSO,PSO_exploracion,4,451.600909879344,0.06194390000018757,55
30,Griewank,PSO,PSO_exploracion,5,495.41107897125295,0.06295849999878556,51
30,Griewank,PSO,PSO_exploracion,6,447.5400734760723,0.06354470000223955,64
30,Griewank,PSO,PSO_exploracion,7,594.5163540007889,0.06290959999751067,82
30,Griewank,PSO,PSO_exploracion,8,438.86314555813925,0.06482439999672351,19
30,Griewank,PSO,PSO_exploracion,9,483.2356466333042,0.06450730000506155,78
30,Griewank,PSO,PSO_exploracion,10,404.1875463943517,0.062423600000329316,52
30,Griewank,PSO,PSO_exploracion,11,383.7749138755265,0.06469769999966957,88
30,Griewank,PSO,PSO_exploracion,12,473.51534783354657,0.06306449999829056,84
30,Griewank,PSO,PSO_exploracion,13,462.16550181874084,0.06342810000205645,63
30,Griewank,PSO,PSO_exploracion,14,439.8693092163505,0.06382029999804217,30
30,Griewank,PSO,PSO_exploracion,15,406.57157255178225,0.06340199999976903,84
30,Griewank,PSO,PSO_exploracion,16,463.0169530992174,0.061223700002301484,92
30,Griewank,PSO,PSO_exploracion,17,529.7568050022285,0.0625103999991552,9
30,Griewank,PSO,PSO_exploracion,18,577.3394604027418,0.06362629999784986,92
30,Griewank,PSO,PSO_exploracion,19,324.1948030848156,0.06343680000281893,41
30,Griewank,PSO,PSO_exploracion,20,521.8527575796664,0.06138610000198241,77
30,Griewank,PSO,PSO_exploracion,21,483.7844500503359,0.06191509999916889,90
30,Griewank,PSO,PSO_exploracion,22,523.6149781151793,0.061250699996890035,37
30,Griewank,PSO,PSO_exploracion,23,408.9556584231052,0.061008899996522814,4
30,Griewank,PSO,PSO_exploracion,24,510.3622714821682,0.0611741999964579,65
30,Griewank,PSO,PSO_exploracion,25,428.03332970110506,0.0610244000054081,83
30,Griewank,PSO,PSO_exploracion,26,418.9014309282115,0.06131219999952009,4
30,Griewank,PSO,PSO_exploracion,27,544.995970645243,0.06181279999873368,34
30,Griewank,PSO,PSO_exploracion,28,494.98102736969645,0.062017399999604095,31
30,Griewank,PSO,PSO_exploracion,29,524.4559683584856,0.06124200000340352,48
30,Griewank,PSO,PSO_explotacion,0,56.9854920745125,0.06227770000259625,99
30,Griewank,PSO,PSO_explotacion,1,48.27367094332223,0.06215810000139754,99
30,Griewank,PSO,PSO_explotacion,2,68.69252294302301,0.060950799997954164,99
30,Griewank,PSO,PSO_explotacion,3,39.258482201426425,0.06056610000086948,99
30,Griewank,PSO,PSO_explotacion,4,80.29299296697849,0.060635300003923476,99
30,Griewank,PSO,PSO_explotacion,5,58.57745839023462,0.06052389999968,99
30,Griewank,PSO,PSO_explotacion,6,72.902437350418,0.060655100001895335,99
30,Griewank,PSO,PSO_explotacion,7,59.88266663570762,0.060787800000980496,99
30,Griewank,PSO,PSO_explotacion,8,50.63392815719493,0.061879699998826254,99
30,Griewank,PSO,PSO_explotacion,9,49.93750777554743,0.06344649999664398,99
30,Griewank,PSO,PSO_explotacion,10,41.400035796558235,0.061803800002962817,99
30,Griewank,PSO,PSO_explotacion,11,58.32520863943867,0.06322029999864753,99
30,Griewank,PSO,PSO_explotacion,12,72.15607400870137,0.06483160000061616,99
30,Griewank,PSO,PSO_explotacion,13,43.09313375080914,0.062179499997000676,99
30,Griewank,PSO,PSO_explotacion,14,41.129291692501695,0.06276609999622451,99
30,Griewank,PSO,PSO_explotacion,15,66.61802072792543,0.060794299999543,99
30,Griewank,PSO,PSO_explotacion,16,58.932502124121974,0.061124599997128826,99
30,Griewank,PSO,PSO_explotacion,17,73.80184327103952,0.06059080000704853,99
30,Griewank,PSO,PSO_explotacion,18,78.90292100541762,0.0684320000000298,99
30,Griewank,PSO,PSO_explotacion,19,73.18075768150706,0.060517400001117494,99
30,Griewank,PSO,PSO_explotacion,20,65.08471634116253,0.061658800004806835,99
30,Griewank,PSO,PSO_explotacion,21,47.05144801410768,0.06331330000102753,99
30,Griewank,PSO,PSO_explotacion,22,91.41864723714897,0.06365669999649981,99
30,Griewank,PSO,PSO_explotacion,23,63.27227290044658,0.06523410000227159,99
30,Griewank,PSO,PSO_explotacion,24,87.82818265752822,0.062000199999602046,99
30,Griewank,PSO,PSO_explotacion,25,57.98027953204257,0.06209830000443617,99
30,Griewank,PSO,PSO_explotacion,26,62.30128769878047,0.061171199995442294,99
30,Griewank,PSO,PSO_explotacion,27,63.173945781850506,0.06070529999851715,99
30,Griewank,PSO,PSO_explotacion,28,70.81685226233697,0.061121700004150625,99
30,Griewank,PSO,PSO_explotacion,29,74.92925209720941,0.06039289999898756,99
30,Griewank,AG,AG_base,0,3.0264453535749465,0.6920863000050304,82
30,Griewank,AG,AG_base,1,2.210146109268046,0.7082038000007742,96
30,Griewank,AG,AG_base,2,2.02655298780114,0.6923913999999058,81
30,Griewank,AG,AG_base,3,2.1890303684211565,0.6840674999984913,97
30,Griewank,AG,AG_base,4,2.3760736541193213,0.6949299000043538,81
30,Griewank,AG,AG_base,5,2.427125303136836,0.6763945999991847,94
30,Griewank,AG,AG_base,6,3.0045583304436096,0.6869460000016261,93
30,Griewank,AG,AG_base,7,3.0014194647853665,0.6872901000024285,79
30,Griewank,AG,AG_base,8,3.1991504512457403,0.6875232000020333,93
30,Griewank,AG,AG_base,9,2.436671278463523,0.6866504999998142,86
30,Griewank,AG,AG_base,10,2.6566749706760246,0.6858385000014096,82
30,Griewank,AG,AG_base,11,3.201812715728036,0.6922438999972655,98
30,Griewank,AG,AG_base,12,3.014877978234053,0.6882308999993256,74
30,Griewank,AG,AG_base,13,3.0026922763898423,0.6881192000000738,97
30,Griewank,AG,AG_base,14,2.5357434342279013,0.6892354999945383,95
30,Griewank,AG,AG_base,15,2.9697829161671656,0.6870665000024019,95
30,Griewank,AG,AG_base,16,2.214156139209625,0.6990046000064467,89
30,Griewank,AG,AG_base,17,2.806719817864182,0.6934080000064569,97
30,Griewank,AG,AG_base,18,2.28533511745715,0.6892402000012225,97
30,Griewank,AG,AG_base,19,3.2394237913225905,0.6879880999986199,82
30,Griewank,AG,AG_base,20,2.858835710265729,0.692645299997821,85
30,Griewank,AG,AG_base,21,2.674635791026232,0.6873570999960066,97
30,Griewank,AG,AG_base,22,3.2930212908565895,0.687544499996875,84
30,Griewank,AG,AG_base,23,2.631323631225225,0.688318900000013,96
30,Griewank,AG,AG_base,24,3.342157890362481,0.6904082999972161,91
30,Griewank,AG,AG_base,25,2.8008487293135174,0.6913476999980048,86
30,Griewank,AG,AG_base,26,2.056471911097748,0.6868250999978045,99
30,Griewank,AG,AG_base,27,2.408381919202622,0.691460800000641,89
30,Griewank,AG,AG_base,28,1.9747802857471972,0.689347399995313,99
30,Griewank,AG,AG_base,29,2.8178160708479756,0.6893672000005608,95
30,Rastrigin,PSO,PSO_estandar,0,163.90152291723322,0.04907639999873936,98
30,Rastrigin,PSO,PSO_estandar,1,196.39406164999212,0.04868500000156928,95
30,Rastrigin,PSO,PSO_estandar,2,162.2222431570183,0.048404700006358325,99
30,Rastrigin,PSO,PSO_estandar,3,156.16720944116807,0.04833379999763565,96
30,Rastrigin,PSO,PSO_estandar,4,112.93883027471313,0.0482105999981286,95
30,Rastrigin,PSO,PSO_estandar,5,193.54148632100012,0.04845950000162702,99
30,Rastrigin,PSO,PSO_estandar,6,114.1861702326957,0.04942059999302728,99
30,Rastrigin,PSO,PSO_estandar,7,166.38613249706387,0.05607899999449728,99
30,Rastrigin,PSO,PSO_estandar,8,125.85438621700686,0.048903900002187584,99
30,Rastrigin,PSO,PSO_estandar,9,175.02036011344927,0.04825140000320971,98
30,Rastrigin,PSO,PSO_estandar,10,119.2073216739735,0.04834190000110539,99
30,Rastrigin,PSO,PSO_estandar,11,180.71739168048714,0.04897579999669688,98
30,Rastrigin,PSO,PSO_estandar,12,126.55578372552407,0.04905980000330601,99
30,Rastrigin,PSO,PSO_estandar,13,159.29029578841792,0.04890680000244174,99
30,Rastrigin,PSO,PSO_estandar,14,153.55384107412047,0.04868269999860786,99
30,Rastrigin,PSO,PSO_estandar,15,154.1718349283489,0.04849129999638535,99
30,Rastrigin,PSO,PSO_estandar,16,183.52765519525207,0.04856860000290908,97
30,Rastrigin,PSO,PSO_estandar,17,100.81603161857726,0.05060819999926025,99
30,Rastrigin,PSO,PSO_estandar,18,184.3100936551373,0.0484096000000136,86
30,Rastrigin,PSO,PSO_estandar,19,155.75176644797415,0.048623099995893426,99
30,Rastrigin,PSO,PSO_estandar,20,137.2494486210109,0.04877340000530239,98
30,Rastrigin,PSO,PSO_estandar,21,123.82968322267104,0.04909350000525592,97
30,Rastrigin,PSO,PSO_estandar,22,177.27580247064847,0.049167799996212125,99
30,Rastrigin,PSO,PSO_estandar,23,96.78807369888739,0.04974000000220258,99
30,Rastrigin,PSO,PSO_estandar,24,162.42182355382704,0.04857659999834141,97
30,Rastrigin,PSO,PSO_estandar,25,108.25966075637976,0.049815999998827465,96
30,Rastrigin,PSO,PSO_estandar,26,137.28764755698333,0.04956460000539664,98
30,Rastrigin,PSO,PSO_estandar,27,161.48378936616135,0.04874030000064522,98
30,Rastrigin,PSO,PSO_estandar,28,152.54872527951767,0.048661600005289074,96
30,Rastrigin,PSO,PSO_estandar,29,182.99788944575366,0.04814839999744436,99
30,Rastrigin,PSO,PSO_exploracion,0,390.9874252785165,0.04881310000200756,69
30,Rastrigin,PSO,PSO_exploracion,1,374.2745671949498,0.05040509999525966,48
30,Rastrigin,PSO,PSO_exploracion,2,383.671626854556,0.04856899999867892,0
30,Rastrigin,PSO,PSO_exploracion,3,361.19380395244957,0.04856429999927059,19
30,Rastrigin,PSO,PSO_exploracion,4,385.0404000188673,0.04858560000138823,5
30,Rastrigin,PSO,PSO_exploracion,5,450.8923180009667,0.04788449999614386,33
30,Rastrigin,PSO,PSO_exploracion,6,398.80023911989656,0.04872149999573594,9
30,Rastrigin,PSO,PSO_exploracion,7,421.45195015715245,0.05317759999888949,42
30,Rastrigin,PSO,PSO_exploracion,8,428.29982860817614,0.04829560000507627,13
30,Rastrigin,PSO,PSO_exploracion,9,376.3517530171066,0.048329800003557466,11
30,Rastrigin,PSO,PSO_exploracion,10,411.4970935671592,0.04847870000230614,4
30,Rastrigin,PSO,PSO_exploracion,11,376.9413728897794,0.04806049999751849,50
30,Rastrigin,PSO,PSO_exploracion,12,396.45564801465235,0.0498585000023013,0
30,Rastrigin,PSO,PSO_exploracion,13,425.80688861779396,0.048228799998469185,44
30,Rastrigin,PSO,PSO_exploracion,14,387.453310717921,0.049128500002552755,4
30,Rastrigin,PSO,PSO_exploracion,15,321.43891955163394,0.04898959999991348,54
30,Rastrigin,PSO,PSO_exploracion,16,412.49163400473367,0.04954449999786448,4
30,Rastrigin,PSO,PSO_exploracion,17,368.3547468664158,0.04827159999695141,68
30,Rastrigin,PSO,PSO_exploracion,18,363.03005452071943,0.04812089999904856,89
30,Rastrigin,PSO,PSO_exploracion,19,429.60095355888234,0.048572400002740324,0
30,Rastrigin,PSO,PSO_exploracion,20,377.43812404796904,0.04917389999900479,5
30,Rastrigin,PSO,PSO_exploracion,21,400.9384148546501,0.04833820000203559,37
30,Rastrigin,PSO,PSO_exploracion,22,432.2345799813105,0.04839609999908134,48
30,Rastrigin,PSO,PSO_exploracion,23,390.91950906501114,0.047906799998600036,3
30,Rastrigin,PSO,PSO_exploracion,24,388.34506697478366,0.049642099998891354,23
30,Rastrigin,PSO,PSO_exploracion,25,424.21986145316964,0.049549200004548766,5
30,Rastrigin,PSO,PSO_exploracion,26,355.49782793779247,0.048671799995645415,91
30,Rastrigin,PSO,PSO_exploracion,27,385.1791463781276,0.04789170000003651,91
30,Rastrigin,PSO,PSO_exploracion,28,406.5678018022196,0.047975299996323884,84
30,Rastrigin,PSO,PSO_exploracion,29,387.3336428532217,0.04875420000462327,93
30,Rastrigin,PSO,PSO_explotacion,0,89.04871221632811,0.04882999999972526,99
30,Rastrigin,PSO,PSO_explotacion,1,109.64386226531622,0.049702199998137075,99
30,Rastrigin,PSO,PSO_explotacion,2,73.176898424846,0.04858260000037262,99
30,Rastrigin,PSO,PSO_explotacion,3,55.10713363726376,0.048371199998655356,99
30,Rastrigin,PSO,PSO_explotacion,4,102.8730252700147,0.049469500001578126,99
30,Rastrigin,PSO,PSO_explotacion,5,72.49674388555218,0.04923510000662645,99
30,Rastrigin,PSO,PSO_explotacion,6,91.2882062484583,0.049397100003261585,96
30,Rastrigin,PSO,PSO_explotacion,7,138.30295120328924,0.0511082000011811,98
30,Rastrigin,PSO,PSO_explotacion,8,69.43533527119453,0.04867119999835268,98
30,Rastrigin,PSO,PSO_explotacion,9,85.75481890346177,0.04850509999960195,99
30,Rastrigin,PSO,PSO_explotacion,10,115.10859582788717,0.04911639999772888,97
30,Rastrigin,PSO,PSO_explotacion,11,139.53270979555384,0.04882839999481803,99
30,Rastrigin,PSO,PSO_explotacion,12,91.46889750885094,0.04872079999768175,99
30,Rastrigin,PSO,PSO_explotacion,13,91.57117141479952,0.04855870000028517,96
30,Rastrigin,PSO,PSO_explotacion,14,61.05481899693194,0.050191399997856934,99
30,Rastrigin,PSO,PSO_explotacion,15,82.79915911730495,0.049390100000891834,99
30,Rastrigin,PSO,PSO_explotacion,16,158.86328685525987,0.049009800000931136,97
30,Rastrigin,PSO,PSO_explotacion,17,86.73291047594302,0.048862000003282446,98
30,Rastrigin,PSO,PSO_explotacion,18,86.48231181882792,0.04865530000097351,97
30,Rastrigin,PSO,PSO_explotacion,19,89.91729843386213,0.048650099997757934,99
30,Rastrigin,PSO,PSO_explotacion,20,128.60945414784683,0.04922179999994114,99
30,Rastrigin,PSO,PSO_explotacion,21,86.5995856046085,0.05120589999569347,99
30,Rastrigin,PSO,PSO_explotacion,22,73.16709433132388,0.04943539999658242,99
30,Rastrigin,PSO,PSO_explotacion,23,82.75497351463696,0.04888249999930849,99
30,Rastrigin,PSO,PSO_explotacion,24,66.96739601864846,0.04908189999696333,99
30,Rastrigin,PSO,PSO_explotacion,25,100.6579516565665,0.04851040000357898,99
30,Rastrigin,PSO,PSO_explotacion,26,101.38167860946669,0.04905470000085188,97
30,Rastrigin,PSO,PSO_explotacion,27,74.2168765006135,0.04834199999459088,99
30,Rastrigin,PSO,PSO_explotacion,28,71.06652062434966,0.048925600000075065,99
30,Rastrigin,PSO,PSO_explotacion,29,82.43502713514616,0.048466199994436465,99
30,Rastrigin,AG,AG_base,0,99.80626030935275,0.6654760999954306,56
30,Rastrigin,AG,AG_base,1,71.23888848903036,0.667939099999785,93
30,Rastrigin,AG,AG_base,2,122.08051767396117,0.665175599999202,81
30,Rastrigin,AG,AG_base,3,101.914105510544,0.6725883999970392,92
30,Rastrigin,AG,AG_base,4,124.52581178623848,0.6650989999980084,95
30,Rastrigin,AG,AG_base,5,108.58149539754555,0.6645681000009063,99
30,Rastrigin,AG,AG_base,6,78.135619976107,0.6689760999943246,65
30,Rastrigin,AG,AG_base,7,120.50699842415011,0.6658645999996224,88
30,Rastrigin,AG,AG_base,8,100.46575151651155,0.6618001999959233,91
30,Rastrigin,AG,AG_base,9,79.57425900138136,0.6676720999967074,94
30,Rastrigin,AG,AG_base,10,85.8824522502801,0.6681075999949826,98
30,Rastrigin,AG,AG_base,11,98.28381921010254,0.6659134000001359,66
30,Rastrigin,AG,AG_base,12,103.39270189527832,0.6679942999980995,89
30,Rastrigin,AG,AG_base,13,83.3437015089996,0.6619877999983146,97
30,Rastrigin,AG,AG_base,14,94.56909906876805,0.6628142000045045,77
30,Rastrigin,AG,AG_base,15,113.84848021397511,0.6648554999992484,93
30,Rastrigin,AG,AG_base,16,116.77696945689047,0.6641485999934957,67
30,Rastrigin,AG,AG_base,17,99.8913529617316,0.6624207999993814,81
30,Rastrigin,AG,AG_base,18,106.61636702357745,0.6597839000023669,97
30,Rastrigin,AG,AG_base,19,115.46804871602407,0.6758686999964993,92
30,Rastrigin,AG,AG_base,20,96.02677694074575,0.7309641000028932,85
30,Rastrigin,AG,AG_base,21,85.73815674182595,0.7193879999977071,97
30,Rastrigin,AG,AG_base,22,124.81665095709474,0.7135682000007364,85
30,Rastrigin,AG,AG_base,23,86.86630933996037,0.6740369999970426,91
30,Rastrigin,AG,AG_base,24,91.22539304726726,0.6715025999947102,91
30,Rastrigin,AG,AG_base,25,111.20798758053218,0.693886899993231,98
30,Rastrigin,AG,AG_base,26,80.33758976108862,0.7016091000041342,88
30,Rastrigin,AG,AG_base,27,106.84122577909409,0.6694464999964111,89
30,Rastrigin,AG,AG_base,28,116.0947828231281,0.6719565999956103,99
30,Rastrigin,AG,AG_base,29,95.22832256459807,0.6673241999960737,88
30,Rosenbrock,PSO,PSO_estandar,0,2841.5938169957494,0.057061999999859836,99
30,Rosenbrock,PSO,PSO_estandar,1,14185.429277016818,0.05622120000043651,99
30,Rosenbrock,PSO,PSO_estandar,2,3250.832153085483,0.05581210000673309,99
30,Rosenbrock,PSO,PSO_estandar,3,2390.27997820297,0.05539899999712361,98
30,Rosenbrock,PSO,PSO_estandar,4,2152.9872983242417,0.05563919999985956,98
30,Rosenbrock,PSO,PSO_estandar,5,9746.277454157469,0.05588339999667369,98
30,Rosenbrock,PSO,PSO_estandar,6,2838.8777487650555,0.05743129999609664,99
30,Rosenbrock,PSO,PSO_estandar,7,3051.7153973941695,0.05656260000250768,99
30,Rosenbrock,PSO,PSO_estandar,8,9074.655080392893,0.056486699999368284,98
30,Rosenbrock,PSO,PSO_estandar,9,1467.2266938161295,0.05702819999714848,99
30,Rosenbrock,PSO,PSO_estandar,10,4234.85898428829,0.05711660000088159,98
30,Rosenbrock,PSO,PSO_estandar,11,4277.877978955389,0.05650669999886304,97
30,Rosenbrock,PSO,PSO_estandar,12,95280.1626657543,0.057018400002561975,99
30,Rosenbrock,PSO,PSO_estandar,13,12300.43427710146,0.05661310000141384,99
30,Rosenbrock,PSO,PSO_estandar,14,2870.0571657415344,0.05813240000134101,99
30,Rosenbrock,PSO,PSO_estandar,15,90733.41451136116,0.0625341999984812,98
30,Rosenbrock,PSO,PSO_estandar,16,1308.6541567620077,0.06030530000134604,98
30,Rosenbrock,PSO,PSO_estandar,17,3040.7099274091033,0.05761779999738792,98
30,Rosenbrock,PSO,PSO_estandar,18,4208.323078227697,0.05930420000368031,99
30,Rosenbrock,PSO,PSO_estandar,19,1415.3786665557168,0.059183700002904516,99
30,Rosenbrock,PSO,PSO_estandar,20,9300.147430506511,0.06463719999737805,98
30,Rosenbrock,PSO,PSO_estandar,21,92917.79448542216,0.066123399999924,97
30,Rosenbrock,PSO,PSO_estandar,22,4372.329417578828,0.05689849999907892,99
30,Rosenbrock,PSO,PSO_estandar,23,1917.8013354679308,0.05640100000164239,99
30,Rosenbrock,PSO,PSO_estandar,24,9129.606232827144,0.055985500002861954,97
30,Rosenbrock,PSO,PSO_estandar,25,97323.21284618638,0.056142800000088755,99
30,Rosenbrock,PSO,PSO_estandar,26,3808.2878232523676,0.058617700000468176,95
30,Rosenbrock,PSO,PSO_estandar,27,110140.220142932,0.05815960000472842,99
30,Rosenbrock,PSO,PSO_estandar,28,6036.571215568687,0.05610480000177631,96
30,Rosenbrock,PSO,PSO_estandar,29,831.4565108842924,0.057120500001474284,95
30,Rosenbrock,PSO,PSO_exploracion,0,163501656.45485565,0.05665949999820441,77
30,Rosenbrock,PSO,PSO_exploracion,1,83998030.20076102,0.055665899999439716,66
30,Rosenbrock,PSO,PSO_exploracion,2,155472772.84375343,0.05506980000063777,32
30,Rosenbrock,PSO,PSO_exploracion,3,140986340.07158005,0.0560131000020192,51
30,Rosenbrock,PSO,PSO_exploracion,4,92506922.27056403,0.05545870000059949,99
30,Rosenbrock,PSO,PSO_exploracion,5,226233991.69453502,0.056300099997315556,17
30,Rosenbrock,PSO,PSO_exploracion,6,164227991.95072892,0.05628769999748329,87
30,Rosenbrock,PSO,PSO_exploracion,7,195738416.82812122,0.055017899998347275,82
30,Rosenbrock,PSO,PSO_exploracion,8,116946282.96357441,0.056038599999737926,35
30,Rosenbrock,PSO,PSO_exploracion,9,168522426.920801,0.05533629999990808,53
30,Rosenbrock,PSO,PSO_exploracion,10,95734386.530188,0.05537639999965904,75
30,Rosenbrock,PSO,PSO_exploracion,11,77586612.94925882,0.05498549999902025,71
30,Rosenbrock,PSO,PSO_exploracion,12,230565013.3550559,0.05531689999770606,54
30,Rosenbrock,PSO,PSO_exploracion,13,203091863.7780013,0.05624179999722401,89
30,Rosenbrock,PSO,PSO_exploracion,14,172224076.69223967,0.05851699999766424,37
30,Rosenbrock,PSO,PSO_exploracion,15,210942874.68784434,0.056280500000866596,43
30,Rosenbrock,PSO,PSO_exploracion,16,149573981.06735358,0.05604160000075353,25
30,Rosenbrock,PSO,PSO_exploracion,17,82251921.87720212,0.06139630000689067,80
30,Rosenbrock,PSO,PSO_exploracion,18,91352440.57204781,0.05828559999645222,23
30,Rosenbrock,PSO,PSO_exploracion,19,97457364.9006556,0.05710030000045663,73
30,Rosenbrock,PSO,PSO_exploracion,20,221993301.8977616,0.057241999995312653,97
30,Rosenbrock,PSO,PSO_exploracion,21,124228984.98044783,0.05818120000185445,71
30,Rosenbrock,PSO,PSO_exploracion,22,191319711.7539681,0.05968070000380976,83
30,Rosenbrock,PSO,PSO_exploracion,23,130506058.81051263,0.06069160000333795,54
30,Rosenbrock,PSO,PSO_exploracion,24,176121568.35521916,0.056689200006076135,70
30,Rosenbrock,PSO,PSO_exploracion,25,143732209.1533746,0.056815299998561386,27
30,Rosenbrock,PSO,PSO_exploracion,26,98546190.76267813,0.05735139999887906,15
30,Rosenbrock,PSO,PSO_exploracion,27,140399590.65303743,0.055448400002205744,95
30,Rosenbrock,PSO,PSO_exploracion,28,129405389.66193303,0.055552500001795124,54
30,Rosenbrock,PSO,PSO_exploracion,29,100572653.13250218,0.05551460000424413,89
30,Rosenbrock,PSO,PSO_explotacion,0,4491445.047110229,0.05887829999846872,99
30,Rosenbrock,PSO,PSO_explotacion,1,4316913.110848083,0.05980249999993248,99
30,Rosenbrock,PSO,PSO_explotacion,2,4097910.2334922305,0.05744280000362778,99
30,Rosenbrock,PSO,PSO_explotacion,3,1796269.7245874063,0.05691429999569664,99
30,Rosenbrock,PSO,PSO_explotacion,4,4954521.776748692,0.05826150000211783,99
30,Rosenbrock,PSO,PSO_explotacion,5,5734835.150490173,0.056628600003023166,99
30,Rosenbrock,PSO,PSO_explotacion,6,1685276.1414915335,0.05592179999803193,99
30,Rosenbrock,PSO,PSO_explotacion,7,3255896.8079095786,0.05587769999692682,99
30,Rosenbrock,PSO,PSO_explotacion,8,823971.9907975146,0.05630620000010822,99
30,Rosenbrock,PSO,PSO_explotacion,9,885000.8795770059,0.05587480000394862,99
30,Rosenbrock,PSO,PSO_explotacion,10,1875963.0126728057,0.05672410000261152,99
30,Rosenbrock,PSO,PSO_explotacion,11,3910048.275154782,0.05697820000204956,99
30,Rosenbrock,PSO,PSO_explotacion,12,8754945.369015802,0.057432399997196626,99
30,Rosenbrock,PSO,PSO_explotacion,13,1315001.48488024,0.05683500000304775,99
30,Rosenbrock,PSO,PSO_explotacion,14,2048113.7389225764,0.0565714000040316,99
30,Rosenbrock,PSO,PSO_explotacion,15,6025687.59320749,0.055564399997820146,99
30,Rosenbrock,PSO,PSO_explotacion,16,3946968.5265885745,0.057667499997478444,99
30,Rosenbrock,PSO,PSO_explotacion,17,2661910.0002361927,0.05578070000046864,99
30,Rosenbrock,PSO,PSO_explotacion,18,4370500.5100755235,0.058501799998339266,99
30,Rosenbrock,PSO,PSO_explotacion,19,4523720.049032269,0.057744600002479274,99
30,Rosenbrock,PSO,PSO_explotacion,20,4372148.546545562,0.057473300003039185,99
30,Rosenbrock,PSO,PSO_explotacion,21,2058566.7894545533,0.056048799997370224,99
30,Rosenbrock,PSO,PSO_explotacion,22,3700812.6094092377,0.05809140000201296,99
30,Rosenbrock,PSO,PSO_explotacion,23,2804035.5064986595,0.055915500000992324,99
30,Rosenbrock,PSO,PSO_explotacion,24,3811706.6274385243,0.055980799996177666,99
30,Rosenbrock,PSO,PSO_explotacion,25,2592486.431733493,0.05571889999555424,99
30,Rosenbrock,PSO,PSO_explotacion,26,7309738.36253411,0.05571280000003753,99
30,Rosenbrock,PSO,PSO_explotacion,27,3792073.085232491,0.05569570000079693,99
30,Rosenbrock,PSO,PSO_explotacion,28,2226109.0672737616,0.05578439999953844,99
30,Rosenbrock,PSO,PSO_explotacion,29,2643239.348642608,0.05562619999545859,99
30,Rosenbrock,AG,AG_base,0,5664.716212462963,0.6857511999987764,94
30,Rosenbrock,AG,AG_base,1,3426.89076042363,0.6820525000002817,96
30,Rosenbrock,AG,AG_base,2,1694.8616239548176,0.6761707999976352,81
30,Rosenbrock,AG,AG_base,3,10092.943389824972,0.6892516000007163,86
30,Rosenbrock,AG,AG_base,4,4006.034607836684,0.6772813999996288,87
30,Rosenbrock,AG,AG_base,5,3735.3134445677356,0.6749978999941959,89
30,Rosenbrock,AG,AG_base,6,4057.3887870842327,0.6834643999973196,79
30,Rosenbrock,AG,AG_base,7,4707.693882081941,0.6797478000007686,95
30,Rosenbrock,AG,AG_base,8,6963.010096163405,0.6724037000021781,93
30,Rosenbrock,AG,AG_base,9,5083.738500211799,0.6849715999996988,91
30,Rosenbrock,AG,AG_base,10,8897.443250149692,0.6759728999968502,76
30,Rosenbrock,AG,AG_base,11,8458.46765510652,0.6795475999970222,99
30,Rosenbrock,AG,AG_base,12,5669.773483058204,0.684098300000187,89
30,Rosenbrock,AG,AG_base,13,5261.862996967984,0.6776331000000937,97
30,Rosenbrock,AG,AG_base,14,5747.629380534348,0.6779153000024962,91
30,Rosenbrock,AG,AG_base,15,5678.292038565549,0.6800674999976764,95
30,Rosenbrock,AG,AG_base,16,1221.744380268853,0.6830031999998027,72
30,Rosenbrock,AG,AG_base,17,2293.871626670059,0.6813301000001957,85
30,Rosenbrock,AG,AG_base,18,5340.421090727435,0.6864054999969085,97
30,Rosenbrock,AG,AG_base,19,6990.176259107989,0.6957101000007242,92
30,Rosenbrock,AG,AG_base,20,2700.8156046059744,0.68476340000052,99
30,Rosenbrock,AG,AG_base,21,9047.978149630952,0.6981587999980547,97
30,Rosenbrock,AG,AG_base,22,4560.087898738588,0.6800124000001233,79
30,Rosenbrock,AG,AG_base,23,5360.741732537143,0.6931469000046491,96
30,Rosenbrock,AG,AG_base,24,5213.664291220162,0.6819824999984121,99
30,Rosenbrock,AG,AG_base,25,5194.921106209732,0.6913940000013099,85
30,Rosenbrock,AG,AG_base,26,2536.129495348565,0.6995934000005946,99
30,Rosenbrock,AG,AG_base,27,3619.8487198986554,0.6925870000050054,85
30,Rosenbrock,AG,AG_base,28,2579.8357195153903,0.6853885000018636,99
30,Rosenbrock,AG,AG_base,29,3620.969203602959,0.6877548999982537,91
